claim_id,policy_id,claim_date,claim_amount,claim_status,claim_type,fraud_flag,days_to_process
CLM70000,POL50356,2025-12-08,1379173.1,Pending,Death,Yes,4
CLM70001,POL50689,2023-03-06,51992.54,Approved,Other,No,41
CLM70002,POL51048,2023-03-24,230303.22,Pending,Other,No,44
CLM70003,POL51484,2026-08-15,1756085.1,Rejected,Death,No,29
CLM70004,POL51823,2021-09-14,273937.91,Approved,Hospital,No,1
CLM70005,POL50457,2024-02-06,223326.99,Rejected,Hospital,No,39
CLM70006,POL50533,2025-02-10,231189.32,Approved,Other,No,22
CLM70007,POL50488,2022-03-31,339906.64,Pending,Theft,No,11
CLM70008,POL52130,2021-09-03,233789.27,Approved,Theft,No,17
CLM70009,POL50852,2024-09-10,242688.19,Pending,Theft,No,42
CLM70010,POL50469,2022-04-12,2060833.31,Approved,Death,No,35
CLM70011,POL51213,2022-02-26,1316817.68,Approved,Death,No,27
CLM70012,POL50698,2022-09-11,100534.98,Rejected,Other,No,33
CLM70013,POL51040,2024-01-16,1695470.76,Rejected,Death,No,38
CLM70014,POL52328,2025-11-02,846012.49,Pending,Death,No,28
CLM70015,POL50940,2023-11-22,915102.67,Approved,Death,No,14
CLM70016,POL50493,2021-12-13,949404.53,Approved,Death,No,4
CLM70017,POL50656,2022-04-13,405813.97,Rejected,Accident,No,6
CLM70018,POL50093,2023-09-12,599374.96,Rejected,Accident,Yes,11
CLM70019,POL52548,2026-08-03,182211.4,Approved,Theft,No,34
CLM70020,POL51967,2025-10-10,427770.96,Pending,Theft,No,5
CLM70021,POL51303,2025-11-18,977197.64,Rejected,Death,No,6
CLM70022,POL51581,2024-05-28,503984.19,Approved,Accident,No,44
CLM70023,POL50716,2025-10-13,165645.81,Rejected,Other,No,18
CLM70024,POL51137,2025-01-29,195439.15,Approved,Accident,No,6
CLM70025,POL50902,2025-12-20,653609.74,Rejected,Accident,No,39
CLM70026,POL52330,2024-10-04,163970.27,Pending,Hospital,No,43
CLM70027,POL52098,2023-11-01,108118.81,Rejected,Other,No,23
CLM70028,POL50801,2024-11-08,117402.41,Approved,Hospital,No,5
CLM70029,POL52151,2022-08-06,1696001.2,Approved,Death,No,28
CLM70030,POL50263,2025-10-07,318097.82,Rejected,Other,No,38
CLM70031,POL50572,2024-12-17,301275.71,Approved,Accident,No,43
CLM70032,POL50298,2022-07-12,152860.29,Rejected,Accident,Yes,26
CLM70033,POL50672,2025-05-20,149492.45,Pending,Other,No,42
CLM70034,POL50638,2024-05-28,214895.37,Pending,Accident,No,37
CLM70035,POL52546,2024-01-20,131419.34,Approved,Hospital,No,8
CLM70036,POL50922,2023-02-14,704824.6,Approved,Death,Yes,28
CLM70037,POL51000,2025-01-04,231788.35,Pending,Theft,No,30
CLM70038,POL50279,2026-06-21,184726.53,Rejected,Accident,Yes,34
CLM70039,POL50183,2024-02-20,173556.33,Approved,Other,No,24
CLM70040,POL50618,2025-01-04,370270.44,Pending,Death,No,33
CLM70041,POL50377,2023-08-18,416775.36,Rejected,Theft,Yes,26
CLM70042,POL50970,2025-02-28,180895.91,Approved,Hospital,No,12
CLM70043,POL50526,2022-03-18,339934.17,Approved,Hospital,No,22
CLM70044,POL50503,2023-10-04,197808.49,Rejected,Theft,No,42
CLM70045,POL51828,2023-10-19,220127.28,Approved,Theft,No,38
CLM70046,POL52664,2021-10-24,141949.13,Pending,Accident,No,29
CLM70047,POL50032,2023-12-17,170917.58,Rejected,Accident,No,15
CLM70048,POL51992,2024-06-29,172869.02,Pending,Accident,Yes,9
CLM70049,POL51861,2021-09-23,151913.15,Approved,Other,No,13
CLM70050,POL51650,2023-03-10,349336.15,Approved,Theft,No,14
CLM70051,POL51954,2024-11-24,273213.89,Rejected,Hospital,No,43
CLM70052,POL51433,2026-02-20,95627.95,Approved,Other,No,24
CLM70053,POL52621,2024-10-09,156695.16,Pending,Other,Yes,18
CLM70054,POL50445,2021-11-19,211306.7,Approved,Hospital,No,39
CLM70055,POL51332,2026-03-18,125864.1,Pending,Other,No,17
CLM70056,POL51843,2026-06-28,178617.85,Pending,Theft,No,36
CLM70057,POL52570,2024-01-05,219750.16,Approved,Other,No,29
CLM70058,POL51370,2025-04-16,153494.44,Approved,Hospital,No,14
CLM70059,POL52762,2023-01-21,185060.36,Rejected,Hospital,No,43
CLM70060,POL51853,2026-08-01,359490.57,Pending,Hospital,No,31
CLM70061,POL51974,2023-06-18,189637.94,Approved,Other,No,44
CLM70062,POL52311,2025-12-14,473909.71,Rejected,Accident,Yes,1
CLM70063,POL52072,2024-03-10,307526.16,Pending,Other,Yes,13
CLM70064,POL51473,2023-06-02,91166.39,Approved,Theft,No,15
CLM70065,POL52179,2025-03-16,1039550.47,Rejected,Death,No,30
CLM70066,POL50097,2023-08-17,170655.9,Rejected,Hospital,Yes,37
CLM70067,POL52638,2021-12-26,98849.38,Approved,Theft,No,6
CLM70068,POL52325,2024-12-14,606556.62,Rejected,Death,No,7
CLM70069,POL51799,2023-06-07,189283.02,Pending,Hospital,No,30
CLM70070,POL50192,2025-04-08,129460.39,Pending,Other,Yes,16
CLM70071,POL50832,2023-05-15,184567.74,Approved,Accident,No,31
CLM70072,POL50715,2025-04-01,893882.26,Pending,Death,No,1
CLM70073,POL50724,2025-08-10,747661.73,Pending,Hospital,Yes,24
CLM70074,POL51896,2023-01-24,63308.9,Pending,Other,Yes,2
CLM70075,POL52478,2025-06-27,388470.02,Approved,Hospital,No,42
CLM70076,POL51923,2023-03-10,891769.42,Approved,Death,No,7
CLM70077,POL51094,2023-08-23,144606.67,Rejected,Theft,No,8
CLM70078,POL52741,2026-04-03,80199.92,Pending,Hospital,No,5
CLM70079,POL52439,2024-11-24,219645.95,Approved,Other,No,10
CLM70080,POL51934,2023-07-22,72977.53,Pending,Other,No,22
CLM70081,POL51120,2024-01-12,272299.84,Pending,Theft,No,28
CLM70082,POL51930,2024-12-19,358274.96,Approved,Other,No,40
CLM70083,POL51149,2024-07-21,78983.06,Pending,Other,No,39
CLM70084,POL50436,2026-04-24,394574.45,Approved,Hospital,No,4
CLM70085,POL51747,2025-07-20,253200.23,Approved,Accident,No,19
CLM70086,POL51971,2024-04-19,87738.31,Approved,Accident,No,39
CLM70087,POL50983,2022-04-27,120448.12,Approved,Hospital,No,8
CLM70088,POL52627,2023-04-18,273301.13,Rejected,Accident,No,30
CLM70089,POL52415,2026-06-14,1099913.02,Pending,Death,Yes,19
CLM70090,POL51644,2023-05-31,68053.19,Rejected,Other,No,8
CLM70091,POL50167,2024-10-05,914380.98,Pending,Death,Yes,3
CLM70092,POL50045,2023-09-10,226424.89,Pending,Other,Yes,13
CLM70093,POL51806,2021-11-24,362460.43,Rejected,Hospital,No,1
CLM70094,POL52299,2025-12-07,146428.74,Pending,Theft,No,9
CLM70095,POL51407,2022-06-20,273927.08,Rejected,Hospital,No,25
CLM70096,POL50064,2022-02-26,427382.16,Approved,Accident,No,35
CLM70097,POL50406,2022-03-16,336923.38,Rejected,Hospital,No,23
CLM70098,POL50596,2026-05-06,234241.8,Pending,Other,No,32
CLM70099,POL51772,2024-01-21,232846.83,Approved,Hospital,No,4
CLM70100,POL51366,2025-06-22,171691.28,Pending,Theft,No,14
CLM70101,POL50286,2026-07-31,1031172.26,Pending,Death,No,29
CLM70102,POL51411,2025-09-19,150166.28,Approved,Hospital,No,3
CLM70103,POL52459,2025-05-03,313877.99,Rejected,Theft,No,26
CLM70104,POL51234,2022-11-09,116309.95,Rejected,Accident,No,8
CLM70105,POL50421,2026-03-04,116568.62,Rejected,Other,No,19
CLM70106,POL51629,2022-07-17,147306.27,Rejected,Other,No,28
CLM70107,POL52628,2026-02-19,316176.52,Approved,Accident,Yes,44
CLM70108,POL50325,2025-06-14,250065.06,Approved,Theft,No,4
CLM70109,POL50440,2023-10-10,526343.48,Rejected,Accident,No,25
CLM70110,POL51598,2021-12-29,155946.24,Approved,Other,No,24
CLM70111,POL50956,2024-09-24,104756.89,Pending,Other,No,3
CLM70112,POL52532,2022-03-31,232512.17,Approved,Accident,No,27
CLM70113,POL52010,2025-11-28,187528.11,Pending,Hospital,No,4
CLM70114,POL50413,2022-01-14,194533.04,Rejected,Other,No,31
CLM70115,POL52463,2025-06-28,527893.87,Pending,Death,No,10
CLM70116,POL51813,2024-09-15,824419.83,Approved,Death,No,6
CLM70117,POL51388,2025-11-16,2025811.77,Rejected,Death,Yes,4
CLM70118,POL50723,2026-04-17,164114.01,Rejected,Other,No,21
CLM70119,POL51834,2023-04-12,106323.94,Approved,Theft,No,11
CLM70120,POL52541,2025-03-02,151876.02,Rejected,Theft,No,21
CLM70121,POL50105,2023-07-24,72033.83,Approved,Hospital,No,40
CLM70122,POL51056,2026-08-14,174779.78,Pending,Theft,No,37
CLM70123,POL52646,2024-07-17,410262.64,Pending,Theft,Yes,34
CLM70124,POL51077,2022-09-02,121550.04,Approved,Hospital,Yes,21
CLM70125,POL50097,2022-12-08,120715.61,Pending,Accident,No,5
CLM70126,POL50284,2023-11-11,129843.11,Approved,Theft,No,18
CLM70127,POL51949,2023-02-07,348725.72,Pending,Hospital,Yes,1
CLM70128,POL51977,2022-09-05,422114.09,Rejected,Theft,No,6
CLM70129,POL50323,2022-06-26,312800.93,Approved,Accident,No,14
CLM70130,POL50618,2025-09-28,94632.6,Pending,Theft,No,31
CLM70131,POL51589,2025-09-19,148342.36,Approved,Other,No,35
CLM70132,POL51937,2022-08-20,440393.92,Rejected,Theft,No,28
CLM70133,POL50441,2024-08-01,214007.39,Rejected,Accident,No,12
CLM70134,POL51284,2024-10-26,193097.09,Rejected,Theft,No,32
CLM70135,POL51584,2025-01-06,248118.72,Rejected,Hospital,No,44
CLM70136,POL50137,2022-09-09,115414.44,Approved,Accident,No,29
CLM70137,POL50631,2025-09-21,1482326.54,Approved,Death,No,34
CLM70138,POL52599,2026-02-21,1379223.09,Approved,Death,No,39
CLM70139,POL52489,2023-06-21,92267.38,Rejected,Accident,No,32
CLM70140,POL50909,2023-09-18,462695.4,Pending,Death,No,39
CLM70141,POL52454,2024-05-28,92368.43,Approved,Other,No,14
CLM70142,POL51785,2022-01-12,319834.02,Pending,Hospital,No,14
CLM70143,POL52776,2022-08-07,151119.59,Rejected,Hospital,No,8
CLM70144,POL52733,2025-04-28,220001.07,Approved,Theft,No,9
CLM70145,POL51742,2026-03-25,164361.68,Rejected,Theft,No,25
CLM70146,POL51316,2024-11-19,186520.79,Rejected,Theft,No,41
CLM70147,POL50399,2024-02-26,281912.08,Pending,Hospital,No,10
CLM70148,POL51495,2025-11-01,206257.2,Rejected,Theft,No,32
CLM70149,POL51123,2024-07-11,217922.96,Approved,Hospital,Yes,4
CLM70150,POL51822,2024-01-16,211981.09,Approved,Theft,No,43
CLM70151,POL50250,2023-06-08,167188.4,Pending,Other,No,24
CLM70152,POL52359,2024-10-06,135071.17,Approved,Other,Yes,22
CLM70153,POL52735,2024-06-19,145087.81,Approved,Theft,No,16
CLM70154,POL50591,2022-05-12,384082.24,Rejected,Other,No,43
CLM70155,POL51786,2022-01-03,176315.52,Rejected,Hospital,No,19
CLM70156,POL52265,2023-10-24,435774.56,Approved,Hospital,No,6
CLM70157,POL51563,2023-07-22,638952.55,Pending,Death,No,25
CLM70158,POL52645,2022-01-10,1349490,Pending,Death,No,26
CLM70159,POL51441,2022-01-23,536736.17,Pending,Hospital,No,33
CLM70160,POL50763,2025-08-02,185837.81,Rejected,Hospital,No,22
CLM70161,POL51326,2023-03-01,107440.72,Approved,Other,No,13
CLM70162,POL51371,2022-04-06,177507.48,Rejected,Hospital,Yes,1
CLM70163,POL50716,2022-10-29,891326.63,Rejected,Death,No,44
CLM70164,POL52222,2024-09-05,1057148.46,Approved,Death,No,9
CLM70165,POL51744,2023-04-30,215644.01,Approved,Hospital,No,16
CLM70166,POL51042,2022-10-17,178329.91,Rejected,Hospital,No,7
CLM70167,POL51186,2026-05-18,2391475.2,Pending,Death,Yes,11
CLM70168,POL51046,2026-04-14,135695.84,Pending,Other,No,3
CLM70169,POL51259,2022-12-06,660068.8,Rejected,Death,No,15
CLM70170,POL51489,2025-03-10,333246.72,Rejected,Hospital,No,42
CLM70171,POL50931,2022-01-05,1374180.27,Rejected,Death,No,10
CLM70172,POL52311,2026-01-12,364746.12,Rejected,Theft,No,43
CLM70173,POL52625,2026-07-07,655496.39,Rejected,Accident,No,28
CLM70174,POL51473,2022-01-17,297256.95,Approved,Accident,No,40
CLM70175,POL52007,2024-07-20,155839.98,Pending,Theft,No,28
CLM70176,POL52631,2025-12-09,69535.56,Rejected,Theft,No,44
CLM70177,POL50542,2026-05-02,156418.52,Pending,Accident,No,25
CLM70178,POL50536,2024-03-04,998920.95,Rejected,Death,No,37
CLM70179,POL50202,2023-09-02,498659.67,Approved,Death,No,2
CLM70180,POL51243,2021-12-15,113171.01,Approved,Accident,No,42
CLM70181,POL50932,2025-02-28,155019.24,Rejected,Other,No,1
CLM70182,POL51580,2022-03-24,221188.42,Pending,Other,Yes,9
CLM70183,POL51268,2024-01-11,159129.42,Pending,Theft,No,33
CLM70184,POL50538,2026-04-06,281843.13,Approved,Theft,No,12
CLM70185,POL51101,2022-12-27,340274.42,Pending,Accident,Yes,2
CLM70186,POL50078,2021-10-27,319760.89,Pending,Theft,No,38
CLM70187,POL51515,2023-05-13,444679.82,Approved,Other,No,23
CLM70188,POL50765,2022-12-23,3325608.96,Rejected,Death,Yes,22
CLM70189,POL50315,2023-05-07,259509.27,Rejected,Theft,No,14
CLM70190,POL50183,2025-07-01,174810.49,Pending,Hospital,Yes,32
CLM70191,POL52015,2022-05-15,257850.22,Rejected,Accident,No,14
CLM70192,POL50698,2024-05-29,395275.96,Pending,Theft,Yes,25
CLM70193,POL51860,2025-05-05,115162.52,Pending,Theft,No,6
CLM70194,POL52304,2026-04-18,371217.22,Approved,Theft,No,14
CLM70195,POL51406,2024-12-27,165338.49,Rejected,Theft,No,2
CLM70196,POL50373,2026-01-24,280065.61,Rejected,Accident,No,13
CLM70197,POL51735,2022-11-07,100162.26,Pending,Other,No,17
CLM70198,POL50200,2022-01-14,464300.59,Pending,Death,Yes,33
CLM70199,POL52308,2026-05-31,191370.16,Pending,Hospital,No,37
CLM70200,POL52148,2026-03-13,287764.13,Rejected,Other,No,24
CLM70201,POL51133,2025-03-10,126719.57,Pending,Theft,No,41
CLM70202,POL50759,2025-07-02,403113.21,Approved,Theft,Yes,16
CLM70203,POL52002,2021-11-06,187733.65,Approved,Accident,No,22
CLM70204,POL51599,2026-07-31,146547.17,Pending,Accident,No,28
CLM70205,POL50407,2026-06-04,1021689.89,Approved,Death,No,8
CLM70206,POL52141,2024-08-30,210644.38,Rejected,Other,No,19
CLM70207,POL50940,2024-09-25,274652.01,Pending,Accident,No,40
CLM70208,POL52528,2022-01-28,194111.66,Approved,Theft,No,21
CLM70209,POL52344,2024-06-06,401190.73,Rejected,Theft,No,41
CLM70210,POL50778,2026-05-29,157290.21,Pending,Other,No,30
CLM70211,POL50719,2023-01-10,118561.51,Pending,Other,No,8
CLM70212,POL51122,2021-11-18,124853.72,Approved,Hospital,No,21
CLM70213,POL52272,2021-11-07,340282,Approved,Theft,No,17
CLM70214,POL50366,2024-03-18,145491.53,Rejected,Theft,No,42
CLM70215,POL50891,2024-12-04,127304.75,Pending,Other,No,15
CLM70216,POL51861,2023-10-31,423012.03,Rejected,Accident,No,22
CLM70217,POL50090,2023-03-11,614433.95,Approved,Hospital,No,31
CLM70218,POL50155,2025-12-03,283475.83,Pending,Accident,No,43
CLM70219,POL52150,2026-07-13,840414.84,Approved,Death,No,25
CLM70220,POL51472,2021-10-12,249294.44,Rejected,Accident,Yes,38
CLM70221,POL51572,2021-12-13,199077.02,Pending,Accident,No,6
CLM70222,POL50702,2025-07-17,184141.39,Pending,Hospital,No,40
CLM70223,POL51499,2025-09-24,184635.37,Pending,Hospital,No,10
CLM70224,POL51537,2024-05-05,1419072.55,Approved,Death,No,34
CLM70225,POL51165,2025-12-22,861185.1,Pending,Death,No,24
CLM70226,POL52727,2025-01-30,1775879.32,Pending,Death,No,27
CLM70227,POL50136,2025-05-13,169833.45,Approved,Theft,No,5
CLM70228,POL51168,2024-06-08,208084.94,Approved,Accident,No,24
CLM70229,POL52424,2021-12-07,284170.04,Rejected,Other,No,4
CLM70230,POL50583,2025-07-02,151624.99,Pending,Other,No,25
CLM70231,POL52644,2025-02-24,234684.9,Rejected,Accident,No,18
CLM70232,POL51197,2023-10-28,183045.94,Approved,Theft,No,9
CLM70233,POL50440,2023-10-22,1873792.1,Rejected,Death,No,22
CLM70234,POL50260,2022-05-12,174805.54,Approved,Other,No,10
CLM70235,POL50922,2023-11-12,280164.6,Approved,Other,No,4
CLM70236,POL52601,2026-02-28,195647.65,Rejected,Hospital,No,2
CLM70237,POL52656,2026-08-03,1551685,Approved,Death,No,16
CLM70238,POL51588,2023-07-06,202714.64,Rejected,Theft,No,33
CLM70239,POL50332,2022-08-22,342035.79,Rejected,Hospital,No,26
CLM70240,POL51284,2023-11-09,356719.82,Approved,Hospital,No,6
CLM70241,POL51175,2021-12-17,93674.46,Approved,Other,No,20
CLM70242,POL50652,2022-10-31,228059.45,Approved,Hospital,No,26
CLM70243,POL50212,2024-08-13,403452.96,Approved,Accident,No,11
CLM70244,POL51074,2022-10-22,1572838.85,Approved,Death,No,7
CLM70245,POL51046,2025-05-30,411720.53,Approved,Hospital,No,11
CLM70246,POL51988,2026-02-11,158063.86,Pending,Other,No,3
CLM70247,POL51110,2025-08-22,539998.14,Pending,Accident,Yes,11
CLM70248,POL50034,2024-07-06,179982.14,Approved,Accident,No,24
CLM70249,POL50053,2026-08-18,104193,Pending,Hospital,No,36
CLM70250,POL51940,2021-09-30,130559.6,Pending,Other,No,39
CLM70251,POL51865,2025-04-10,400033.66,Pending,Hospital,No,30
CLM70252,POL50451,2025-09-26,104569.64,Approved,Theft,No,16
CLM70253,POL52449,2022-01-20,86317.11,Pending,Theft,No,42
CLM70254,POL51870,2022-04-22,105763.6,Pending,Accident,No,41
CLM70255,POL50432,2022-07-29,361200.45,Pending,Accident,No,16
CLM70256,POL50811,2021-11-21,436414.47,Pending,Death,No,1
CLM70257,POL52753,2023-06-03,197383.88,Rejected,Other,No,20
CLM70258,POL51148,2024-12-13,152766.95,Approved,Theft,No,21
CLM70259,POL50667,2022-11-23,170061.79,Pending,Accident,No,30
CLM70260,POL51477,2023-02-19,109245.29,Approved,Theft,No,7
CLM70261,POL50581,2024-09-14,166297.89,Approved,Other,No,24
CLM70262,POL52235,2024-01-25,150889.63,Approved,Hospital,No,14
CLM70263,POL52243,2022-04-14,249379.17,Approved,Accident,No,22
CLM70264,POL52262,2022-01-21,1100035.75,Approved,Death,No,2
CLM70265,POL51743,2022-12-04,203764.7,Pending,Other,No,24
CLM70266,POL51959,2024-05-23,239318.55,Pending,Other,No,2
CLM70267,POL50907,2024-02-24,162877.68,Rejected,Other,No,38
CLM70268,POL52486,2025-05-08,88729.31,Approved,Other,No,32
CLM70269,POL50404,2023-06-17,277686.07,Rejected,Hospital,Yes,41
CLM70270,POL50717,2026-04-01,305432.67,Pending,Hospital,No,29
CLM70271,POL52807,2022-10-10,821897.05,Rejected,Death,No,44
CLM70272,POL52716,2025-03-28,190504.53,Pending,Hospital,No,10
CLM70273,POL51429,2026-05-19,861822.74,Approved,Accident,No,1
CLM70274,POL51404,2025-07-29,94295.29,Approved,Theft,No,40
CLM70275,POL50328,2023-02-19,191995.6,Pending,Other,Yes,30
CLM70276,POL51862,2024-12-10,421776.96,Approved,Accident,No,31
CLM70277,POL50084,2024-04-22,758818.14,Pending,Death,No,13
CLM70278,POL50887,2023-01-04,165454.87,Approved,Theft,No,15
CLM70279,POL51177,2025-02-28,179988.73,Pending,Hospital,No,30
CLM70280,POL52528,2024-03-10,250027.79,Rejected,Accident,No,18
CLM70281,POL52739,2021-12-10,235187.15,Approved,Other,No,4
CLM70282,POL52754,2026-03-06,815083.68,Pending,Death,No,13
CLM70283,POL52256,2025-03-14,852567.96,Pending,Theft,No,17
CLM70284,POL50818,2024-10-13,143536.31,Rejected,Theft,No,37
CLM70285,POL50124,2023-01-27,358423.21,Rejected,Theft,No,16
CLM70286,POL51197,2022-09-09,196880.65,Approved,Other,No,22
CLM70287,POL50839,2022-05-11,950160.89,Pending,Death,No,27
CLM70288,POL51849,2026-07-22,312941.37,Approved,Other,No,6
CLM70289,POL51044,2022-10-29,67396.78,Pending,Other,No,26
CLM70290,POL52519,2025-05-20,309219.12,Pending,Accident,No,9
CLM70291,POL51053,2022-09-23,174735.07,Approved,Accident,No,39
CLM70292,POL51063,2023-07-15,723717.26,Rejected,Death,No,14
CLM70293,POL52141,2025-10-03,117817.19,Approved,Other,No,14
CLM70294,POL51664,2022-05-20,555841.19,Pending,Death,No,18
CLM70295,POL50720,2026-07-25,78780.6,Pending,Theft,No,16
CLM70296,POL51909,2025-03-01,267205.94,Approved,Hospital,No,27
CLM70297,POL51587,2024-12-03,212872.33,Approved,Hospital,No,32
CLM70298,POL50291,2023-12-11,215113.38,Approved,Accident,No,43
CLM70299,POL51314,2022-03-30,321569.88,Approved,Hospital,No,40
CLM70300,POL52598,2024-03-02,225636.27,Rejected,Theft,Yes,12
CLM70301,POL50598,2021-11-03,192521.79,Approved,Hospital,No,27
CLM70302,POL51167,2023-01-23,1011398.58,Rejected,Hospital,Yes,15
CLM70303,POL50778,2023-08-05,299451.12,Rejected,Theft,Yes,36
CLM70304,POL51514,2025-10-23,611159.03,Pending,Theft,Yes,2
CLM70305,POL52757,2022-02-04,731368.4,Approved,Death,No,44
CLM70306,POL50874,2023-01-25,203936.04,Pending,Theft,No,17
CLM70307,POL52354,2024-09-21,118450.24,Pending,Hospital,No,33
CLM70308,POL52369,2024-02-25,186492.01,Pending,Hospital,No,30
CLM70309,POL50732,2025-12-27,186695.94,Rejected,Accident,No,17
CLM70310,POL52179,2023-08-06,670744.25,Rejected,Other,No,43
CLM70311,POL52794,2021-11-23,127321.86,Approved,Theft,No,12
CLM70312,POL52699,2022-09-13,160122.63,Approved,Theft,No,33
CLM70313,POL51710,2022-08-05,435092.92,Pending,Death,No,41
CLM70314,POL50426,2023-10-30,195878.97,Rejected,Other,No,6
CLM70315,POL50335,2021-12-07,140262.38,Pending,Hospital,No,41
CLM70316,POL50753,2023-03-14,1424630.31,Rejected,Death,No,40
CLM70317,POL51696,2024-05-19,102237.51,Pending,Accident,Yes,17
CLM70318,POL51087,2023-05-31,141150.07,Pending,Other,No,37
CLM70319,POL51974,2021-10-20,87420.31,Approved,Hospital,No,1
CLM70320,POL52224,2024-09-19,704253.44,Pending,Death,No,9
CLM70321,POL50509,2026-02-20,129934.29,Pending,Other,No,34
CLM70322,POL52560,2026-04-15,163058.95,Approved,Hospital,No,42
CLM70323,POL50168,2026-03-18,140168.98,Rejected,Theft,No,6
CLM70324,POL50747,2025-09-22,292522.32,Pending,Theft,No,32
CLM70325,POL52301,2024-08-17,741509.58,Approved,Accident,No,5
CLM70326,POL50519,2025-06-17,260676.75,Approved,Hospital,No,35
CLM70327,POL50621,2023-05-18,97574.24,Pending,Other,No,40
CLM70328,POL52759,2025-10-27,258139.37,Approved,Accident,No,21
CLM70329,POL52581,2023-11-05,125650.06,Approved,Other,No,5
CLM70330,POL52296,2023-10-24,1404014.9,Rejected,Death,No,9
CLM70331,POL50490,2025-04-27,1039323.58,Approved,Death,No,23
CLM70332,POL50719,2025-05-08,113586.36,Approved,Accident,No,36
CLM70333,POL50663,2021-12-16,432866.19,Approved,Accident,No,23
CLM70334,POL50534,2022-03-21,1459450.15,Approved,Death,No,22
CLM70335,POL52744,2023-08-13,1900569.99,Rejected,Death,No,27
CLM70336,POL50467,2025-04-12,115863.74,Approved,Other,No,43
CLM70337,POL52107,2025-01-23,1046160.06,Pending,Death,No,35
CLM70338,POL50140,2025-12-19,121661.09,Rejected,Hospital,No,7
CLM70339,POL51533,2026-05-13,877232.76,Approved,Death,No,9
CLM70340,POL50198,2023-12-28,268303.88,Approved,Hospital,No,16
CLM70341,POL50171,2024-07-15,654824.25,Approved,Death,No,12
CLM70342,POL50650,2024-07-07,261072.34,Pending,Hospital,No,33
CLM70343,POL52617,2024-04-08,978866.05,Approved,Death,No,44
CLM70344,POL51803,2022-06-26,119787.23,Approved,Other,No,26
CLM70345,POL51839,2023-07-31,442465.83,Approved,Hospital,No,40
CLM70346,POL50840,2025-05-27,800449.45,Pending,Death,No,20
CLM70347,POL52042,2026-04-19,961812.12,Rejected,Death,Yes,31
CLM70348,POL51923,2022-05-01,105654.67,Approved,Hospital,No,31
CLM70349,POL51298,2021-09-30,285209.24,Approved,Hospital,No,13
CLM70350,POL51926,2025-09-02,118177.58,Pending,Other,No,33
CLM70351,POL52452,2026-06-06,1452440.1,Approved,Death,No,24
CLM70352,POL52716,2022-02-06,129786.11,Pending,Accident,No,26
CLM70353,POL52818,2022-12-03,310073.51,Rejected,Accident,No,12
CLM70354,POL51372,2024-05-21,73891.62,Approved,Hospital,Yes,15
CLM70355,POL50088,2023-05-12,340152.81,Approved,Accident,No,38
CLM70356,POL50647,2023-08-24,229077.32,Rejected,Accident,No,28
CLM70357,POL50555,2024-10-01,305252,Approved,Accident,No,6
CLM70358,POL50848,2023-06-25,666682.22,Approved,Death,No,24
CLM70359,POL51015,2024-12-20,111978.55,Rejected,Theft,No,28
CLM70360,POL51887,2025-08-02,120709.13,Approved,Other,No,36
CLM70361,POL51482,2025-09-22,165114.85,Approved,Other,No,38
CLM70362,POL51834,2024-09-17,333534.48,Rejected,Accident,No,29
CLM70363,POL52748,2022-04-18,1047662.3,Approved,Death,No,1
CLM70364,POL50135,2024-07-07,137723.38,Pending,Hospital,No,22
CLM70365,POL50037,2023-04-12,551403.73,Pending,Hospital,No,10
CLM70366,POL51879,2022-12-30,1062948.36,Rejected,Death,No,1
CLM70367,POL51540,2022-07-26,131864.46,Pending,Theft,No,41
CLM70368,POL51357,2023-12-27,222531.12,Approved,Theft,No,8
CLM70369,POL52412,2023-11-15,204578.24,Rejected,Theft,No,11
CLM70370,POL50447,2024-01-03,137409.93,Rejected,Other,No,15
CLM70371,POL51617,2026-07-03,190039.74,Pending,Hospital,No,21
CLM70372,POL52635,2024-01-28,1472667.08,Rejected,Death,No,27
CLM70373,POL51253,2025-11-23,355867.73,Approved,Other,No,14
CLM70374,POL51635,2022-10-05,325184.55,Rejected,Death,No,35
CLM70375,POL50195,2021-12-19,333027.36,Approved,Theft,No,7
CLM70376,POL50983,2026-05-15,181802.62,Approved,Theft,No,43
CLM70377,POL50113,2023-01-21,1013069.42,Pending,Death,No,38
CLM70378,POL51613,2024-09-22,294846.97,Pending,Other,No,27
CLM70379,POL51665,2023-03-30,39774.69,Approved,Other,No,3
CLM70380,POL52690,2021-12-29,330637.38,Rejected,Hospital,No,33
CLM70381,POL51801,2022-07-28,284827.53,Pending,Other,Yes,31
CLM70382,POL50007,2025-07-03,127567.86,Rejected,Theft,No,28
CLM70383,POL52355,2023-01-20,124522.25,Pending,Accident,No,13
CLM70384,POL50928,2026-01-07,567604.76,Approved,Accident,Yes,19
CLM70385,POL52015,2022-04-23,91417.02,Approved,Hospital,No,19
CLM70386,POL50745,2024-10-28,184926.82,Approved,Other,No,27
CLM70387,POL52144,2022-05-29,1501093.22,Approved,Death,No,15
CLM70388,POL52622,2024-10-05,268252.06,Approved,Hospital,No,18
CLM70389,POL50221,2021-12-02,331549.53,Pending,Accident,No,40
CLM70390,POL51535,2022-03-31,157660.98,Approved,Theft,No,20
CLM70391,POL51523,2021-11-12,226856.4,Rejected,Theft,No,27
CLM70392,POL50808,2025-02-04,105256.58,Rejected,Other,No,41
CLM70393,POL50961,2025-12-23,134758.55,Approved,Theft,No,42
CLM70394,POL51908,2024-07-28,183227.72,Approved,Theft,No,25
CLM70395,POL50825,2021-11-18,101870.83,Rejected,Hospital,No,12
CLM70396,POL50083,2025-04-05,293579.25,Rejected,Hospital,No,5
CLM70397,POL52170,2021-12-23,52069.93,Pending,Theft,No,38
CLM70398,POL51764,2025-03-31,215802.7,Approved,Theft,No,24
CLM70399,POL50706,2022-12-20,188494.96,Rejected,Other,No,25
CLM70400,POL52720,2022-12-17,604943.2,Rejected,Death,Yes,42
CLM70401,POL52541,2025-01-24,118705.36,Approved,Hospital,No,17
CLM70402,POL52727,2025-12-17,122308.98,Pending,Other,No,5
CLM70403,POL51442,2023-06-10,344226.39,Rejected,Accident,No,30
CLM70404,POL50663,2025-04-07,1069818.54,Pending,Death,No,43
CLM70405,POL50490,2024-09-04,126199.12,Pending,Hospital,No,8
CLM70406,POL52684,2023-06-03,189767.07,Approved,Theft,No,44
CLM70407,POL52520,2022-01-22,170991.47,Approved,Other,No,24
CLM70408,POL52091,2023-11-22,279009.54,Approved,Accident,No,25
CLM70409,POL51437,2024-03-24,549549.64,Approved,Death,No,43
CLM70410,POL51081,2022-11-09,237811.64,Rejected,Hospital,Yes,15
CLM70411,POL51986,2023-04-21,1424060.06,Pending,Death,Yes,33
CLM70412,POL50024,2023-07-13,1177178.35,Rejected,Death,Yes,1
CLM70413,POL51478,2025-10-15,1105590.35,Approved,Death,No,30
CLM70414,POL51915,2023-10-02,568386.82,Rejected,Accident,No,1
CLM70415,POL52127,2024-11-18,271878.83,Rejected,Accident,No,1
CLM70416,POL51268,2026-01-20,164104.99,Pending,Accident,No,18
CLM70417,POL52103,2022-05-22,591714.25,Approved,Death,No,17
CLM70418,POL50268,2023-04-22,240240.65,Rejected,Hospital,No,35
CLM70419,POL50658,2025-08-12,87723.09,Pending,Theft,No,40
CLM70420,POL50406,2023-05-08,213998.6,Approved,Accident,No,42
CLM70421,POL50956,2023-09-18,315307.31,Approved,Accident,No,28
CLM70422,POL50968,2024-12-07,323283.4,Approved,Theft,No,7
CLM70423,POL51053,2024-01-10,83175.26,Pending,Theft,No,30
CLM70424,POL51310,2026-07-17,231173,Pending,Hospital,No,22
CLM70425,POL51227,2024-10-13,144968.61,Pending,Other,No,24
CLM70426,POL51378,2022-06-22,183407.36,Rejected,Theft,Yes,23
CLM70427,POL52123,2021-11-23,236136.56,Pending,Hospital,No,39
CLM70428,POL50398,2026-04-29,216544.06,Approved,Hospital,No,17
CLM70429,POL50987,2026-03-26,1805331.01,Approved,Death,Yes,43
CLM70430,POL50000,2021-10-19,409782.24,Pending,Hospital,No,24
CLM70431,POL50077,2024-09-19,730044.52,Pending,Accident,Yes,31
CLM70432,POL51712,2025-09-18,218840.13,Pending,Hospital,No,41
CLM70433,POL52478,2024-03-24,122154.98,Rejected,Other,No,36
CLM70434,POL50863,2025-07-30,554747.89,Pending,Death,No,20
CLM70435,POL51133,2024-03-19,115690.23,Approved,Other,No,9
CLM70436,POL50593,2024-07-31,214416.6,Approved,Other,No,7
CLM70437,POL50400,2023-05-24,1389441.72,Pending,Death,No,17
CLM70438,POL52500,2022-09-30,252324.06,Rejected,Theft,No,30
CLM70439,POL51613,2025-10-29,129117.52,Approved,Theft,No,36
CLM70440,POL51990,2021-11-01,647330.71,Approved,Death,Yes,2
CLM70441,POL52494,2025-04-21,2393774.73,Pending,Death,No,21
CLM70442,POL51659,2023-07-31,593714.33,Pending,Death,No,42
CLM70443,POL50509,2026-08-31,304568.99,Pending,Other,No,37
CLM70444,POL52012,2022-01-24,269324.12,Approved,Hospital,No,42
CLM70445,POL52110,2022-01-22,173323.79,Rejected,Accident,No,43
CLM70446,POL51165,2026-05-09,99555.38,Approved,Theft,No,5
CLM70447,POL51741,2022-10-18,177150.78,Approved,Accident,No,30
CLM70448,POL51362,2024-03-10,308054.5,Pending,Accident,No,25
CLM70449,POL50937,2024-07-18,95184.9,Approved,Other,No,22
CLM70450,POL51897,2024-05-31,391569.11,Pending,Theft,No,36
CLM70451,POL50698,2023-10-06,225322.04,Approved,Accident,No,42
CLM70452,POL50923,2025-05-04,354846.09,Rejected,Accident,No,21
CLM70453,POL51143,2025-11-29,340807.04,Approved,Accident,No,29
CLM70454,POL51735,2024-04-24,337506.81,Pending,Other,No,22
CLM70455,POL52409,2021-12-05,120500.04,Pending,Other,No,28
CLM70456,POL51736,2024-01-13,189805.14,Approved,Theft,No,43
CLM70457,POL52049,2024-04-18,446615.26,Rejected,Death,Yes,36
CLM70458,POL50825,2023-11-17,157939.08,Rejected,Other,No,11
CLM70459,POL51657,2023-01-07,442069.32,Approved,Accident,No,39
CLM70460,POL50291,2025-11-08,167397.49,Approved,Other,No,24
CLM70461,POL51303,2023-02-20,699217.82,Approved,Hospital,No,26
CLM70462,POL51946,2022-11-22,233413.56,Pending,Theft,No,6
CLM70463,POL50508,2022-11-21,114483.32,Pending,Other,Yes,20
CLM70464,POL52550,2025-07-06,313984.4,Approved,Accident,No,14
CLM70465,POL51174,2023-06-26,86596.5,Pending,Theft,No,4
CLM70466,POL51893,2023-12-14,603595.51,Pending,Death,No,38
CLM70467,POL51322,2025-05-31,489747.6,Rejected,Death,No,6
CLM70468,POL52067,2022-04-01,181455.84,Approved,Theft,No,32
CLM70469,POL51648,2022-11-17,174634.51,Pending,Theft,No,33
CLM70470,POL50345,2025-05-03,274016.99,Rejected,Other,No,27
CLM70471,POL52615,2026-01-28,237918.14,Pending,Accident,No,37
CLM70472,POL51863,2023-06-26,109038.06,Rejected,Theft,No,6
CLM70473,POL51327,2023-06-08,392531.08,Approved,Theft,No,1
CLM70474,POL51909,2024-03-14,41290.67,Approved,Theft,No,38
CLM70475,POL50736,2026-04-01,224272.16,Approved,Hospital,No,9
CLM70476,POL52169,2024-12-09,167241.53,Pending,Other,No,14
CLM70477,POL51158,2024-09-12,248717.36,Rejected,Accident,No,31
CLM70478,POL52274,2023-12-02,192612.66,Rejected,Other,Yes,24
CLM70479,POL50773,2023-10-08,158535.79,Rejected,Other,No,9
CLM70480,POL52231,2024-07-09,192571.07,Pending,Other,No,11
CLM70481,POL52565,2025-10-22,133199.39,Pending,Theft,No,37
CLM70482,POL52773,2022-04-19,433923.63,Pending,Death,No,23
CLM70483,POL52192,2024-05-12,879380.89,Approved,Death,No,41
CLM70484,POL51988,2025-07-22,89780.96,Approved,Other,No,25
CLM70485,POL51465,2023-09-17,173677.22,Approved,Accident,No,30
CLM70486,POL50296,2024-08-06,321725.11,Pending,Theft,Yes,15
CLM70487,POL51579,2022-05-13,392272.11,Approved,Theft,No,2
CLM70488,POL51588,2022-12-22,318719.02,Approved,Theft,No,23
CLM70489,POL50180,2023-02-09,403490,Approved,Accident,No,33
CLM70490,POL51949,2023-03-30,185477.29,Pending,Theft,Yes,18
CLM70491,POL50418,2022-01-29,1495351.76,Rejected,Death,Yes,38
CLM70492,POL51682,2023-10-12,215027.59,Approved,Theft,No,31
CLM70493,POL51329,2026-08-04,661960.67,Approved,Accident,No,23
CLM70494,POL52475,2024-07-21,568694.95,Approved,Death,No,24
CLM70495,POL50655,2024-11-01,251957.65,Pending,Theft,No,11
CLM70496,POL50483,2025-07-15,79717.49,Approved,Other,No,39
CLM70497,POL51554,2026-03-05,210568.22,Pending,Other,No,3
CLM70498,POL51294,2026-01-21,105837.83,Rejected,Accident,No,3
CLM70499,POL50454,2021-10-01,81766.19,Pending,Other,No,35
CLM70500,POL51732,2022-04-11,115852.25,Pending,Hospital,Yes,2
CLM70501,POL52562,2022-12-28,1020921.33,Pending,Death,No,23
CLM70502,POL52089,2024-06-12,214910.02,Approved,Theft,No,9
CLM70503,POL50592,2026-04-29,749095.92,Rejected,Hospital,No,30
CLM70504,POL50672,2025-05-22,171968.55,Rejected,Theft,No,6
CLM70505,POL51572,2022-04-21,1324333.53,Approved,Death,No,12
CLM70506,POL51911,2021-11-04,195076.52,Pending,Theft,No,24
CLM70507,POL52768,2023-10-31,254018.19,Rejected,Theft,No,17
CLM70508,POL50294,2025-02-14,268618.63,Approved,Accident,No,9
CLM70509,POL51540,2026-08-16,259938.15,Approved,Other,Yes,3
CLM70510,POL52792,2022-05-02,88614.77,Approved,Other,No,1
CLM70511,POL50310,2026-01-03,52943.23,Approved,Theft,No,9
CLM70512,POL52750,2026-04-08,308019.31,Pending,Accident,No,13
CLM70513,POL51300,2026-03-13,72996.99,Rejected,Theft,Yes,6
CLM70514,POL52024,2023-06-12,289022.48,Rejected,Other,No,23
CLM70515,POL51196,2023-09-08,684258.14,Pending,Death,No,39
CLM70516,POL52377,2024-06-16,148761.23,Pending,Accident,No,32
CLM70517,POL52570,2025-03-26,3472585.87,Pending,Death,No,14
CLM70518,POL50468,2022-04-08,178347.13,Pending,Theft,No,20
CLM70519,POL52108,2026-02-28,135041.53,Rejected,Other,No,34
CLM70520,POL50056,2026-03-02,218027.89,Pending,Other,No,43
CLM70521,POL50781,2024-08-18,375851.07,Approved,Accident,No,25
CLM70522,POL51558,2024-10-03,388848.92,Rejected,Hospital,No,9
CLM70523,POL51702,2026-08-24,92431.71,Pending,Theft,No,39
CLM70524,POL51029,2021-11-24,235335.05,Pending,Theft,No,23
CLM70525,POL50763,2025-05-14,155456.17,Approved,Theft,No,2
CLM70526,POL50484,2023-06-13,157739.77,Pending,Accident,No,12
CLM70527,POL50676,2023-12-02,225356.59,Pending,Hospital,No,24
CLM70528,POL50365,2023-09-20,88943.95,Approved,Hospital,No,36
CLM70529,POL50736,2023-12-03,396599.28,Pending,Accident,No,38
CLM70530,POL52320,2025-11-06,155651.4,Approved,Theft,No,9
CLM70531,POL50811,2023-02-13,141770.05,Rejected,Theft,No,32
CLM70532,POL52567,2024-01-22,168025.8,Pending,Theft,No,43
CLM70533,POL50692,2022-05-06,165537.62,Pending,Theft,No,36
CLM70534,POL51383,2022-08-04,1591982.99,Pending,Death,No,32
CLM70535,POL50471,2025-07-03,520368.99,Pending,Death,Yes,36
CLM70536,POL50045,2026-04-04,181730.43,Pending,Hospital,Yes,25
CLM70537,POL51765,2026-05-11,197423.11,Approved,Hospital,No,27
CLM70538,POL50950,2022-02-03,88063.29,Pending,Other,No,24
CLM70539,POL50971,2026-02-25,974623.74,Approved,Death,No,43
CLM70540,POL51148,2024-08-22,174081.62,Pending,Accident,No,16
CLM70541,POL52195,2023-07-10,445970.93,Approved,Death,No,35
CLM70542,POL51127,2024-12-02,1170877.17,Approved,Death,No,1
CLM70543,POL50241,2023-07-28,1950873.12,Rejected,Death,No,19
CLM70544,POL50786,2023-11-13,153675.87,Approved,Other,No,41
CLM70545,POL51624,2024-03-20,142450.21,Approved,Other,No,11
CLM70546,POL52809,2024-08-12,234914.86,Approved,Accident,No,35
CLM70547,POL50401,2026-05-26,115892.13,Pending,Other,No,23
CLM70548,POL50912,2022-02-27,394917.25,Approved,Hospital,No,6
CLM70549,POL51365,2023-02-28,943333.28,Approved,Death,No,5
CLM70550,POL52672,2023-05-19,84111.27,Approved,Accident,No,6
CLM70551,POL50303,2024-06-29,455291.51,Approved,Accident,No,21
CLM70552,POL52242,2026-02-28,1449990.41,Approved,Death,No,14
CLM70553,POL52040,2024-07-28,1215845.82,Approved,Death,No,40
CLM70554,POL50864,2025-11-23,55474.54,Pending,Hospital,No,34
CLM70555,POL52183,2023-10-22,179734.85,Approved,Theft,No,7
CLM70556,POL51620,2023-04-15,1406850.44,Rejected,Death,Yes,23
CLM70557,POL50483,2023-04-08,265968.33,Pending,Hospital,No,34
CLM70558,POL50806,2022-07-25,277005.29,Pending,Accident,No,29
CLM70559,POL50925,2022-05-22,1408317.64,Approved,Death,No,1
CLM70560,POL50911,2025-09-29,268034.33,Approved,Accident,No,1
CLM70561,POL52106,2025-05-07,328576.29,Rejected,Theft,No,26
CLM70562,POL51864,2026-08-15,271059.76,Approved,Accident,No,41
CLM70563,POL52316,2022-09-22,229228.56,Rejected,Hospital,Yes,3
CLM70564,POL51438,2024-04-08,234356.19,Rejected,Other,No,8
CLM70565,POL50986,2024-07-19,122896.41,Pending,Other,No,9
CLM70566,POL50189,2024-10-01,103994.27,Rejected,Theft,No,15
CLM70567,POL52243,2022-03-03,180342.45,Approved,Theft,No,40
CLM70568,POL50209,2023-02-05,295543.14,Pending,Hospital,Yes,42
CLM70569,POL50851,2022-04-07,285898.86,Rejected,Theft,No,14
CLM70570,POL51887,2023-01-16,1433457.34,Pending,Death,No,33
CLM70571,POL52156,2023-11-13,173926.49,Rejected,Theft,No,1
CLM70572,POL50191,2026-02-06,826094.96,Rejected,Death,No,23
CLM70573,POL51715,2023-02-12,669369.88,Rejected,Death,No,28
CLM70574,POL50384,2026-04-06,203954.08,Approved,Theft,No,38
CLM70575,POL52137,2026-08-14,66027.63,Approved,Other,No,37
CLM70576,POL52060,2025-06-10,252861.15,Approved,Accident,No,3
CLM70577,POL52111,2026-04-19,3741474.66,Approved,Death,No,19
CLM70578,POL50177,2025-01-02,117863.74,Rejected,Accident,No,4
CLM70579,POL51577,2022-05-18,194683.4,Approved,Theft,No,1
CLM70580,POL50679,2022-09-15,1087147.59,Approved,Death,No,7
CLM70581,POL51394,2025-11-13,231872.9,Rejected,Theft,No,42
CLM70582,POL52798,2025-06-13,135680.93,Approved,Hospital,No,12
CLM70583,POL50252,2021-10-22,323517.84,Rejected,Accident,No,33
CLM70584,POL51675,2026-03-09,168405.42,Pending,Hospital,No,32
CLM70585,POL50464,2026-06-22,73467.53,Pending,Other,No,39
CLM70586,POL51436,2024-05-16,402397.16,Pending,Accident,Yes,24
CLM70587,POL51467,2025-09-01,209127.2,Pending,Other,Yes,43
CLM70588,POL51283,2021-09-15,555080.71,Rejected,Death,No,19
CLM70589,POL51805,2025-11-01,137147.65,Pending,Theft,Yes,35
CLM70590,POL52755,2021-10-20,164616.96,Pending,Hospital,No,35
CLM70591,POL52275,2022-09-09,395678.67,Rejected,Death,No,24
CLM70592,POL52711,2026-05-20,1317655.94,Approved,Death,No,14
CLM70593,POL50535,2024-07-12,223764.58,Approved,Other,No,7
CLM70594,POL52809,2025-05-02,127018.22,Pending,Other,No,4
CLM70595,POL50861,2024-04-11,216927.84,Rejected,Hospital,No,22
CLM70596,POL50092,2025-10-30,190624.56,Rejected,Theft,No,18
CLM70597,POL51227,2023-02-23,1016977.93,Approved,Death,No,10
CLM70598,POL50694,2022-03-22,127446.46,Pending,Accident,No,34
CLM70599,POL52150,2025-03-16,191494.21,Rejected,Other,No,8
CLM70600,POL50243,2025-11-24,138893.48,Rejected,Accident,No,21
CLM70601,POL51545,2023-11-23,253064.52,Approved,Theft,No,19
CLM70602,POL50816,2023-11-01,129177.5,Approved,Hospital,No,43
CLM70603,POL50585,2022-12-27,130504.35,Approved,Accident,No,5
CLM70604,POL52477,2025-12-30,216937.28,Rejected,Hospital,Yes,38
CLM70605,POL51452,2026-08-22,146259.54,Approved,Other,No,31
CLM70606,POL50918,2025-05-01,157986.35,Approved,Other,No,35
CLM70607,POL52105,2022-04-03,140788.63,Approved,Hospital,No,35
CLM70608,POL52412,2023-06-11,166009.36,Pending,Other,No,35
CLM70609,POL51242,2022-01-25,255219.35,Approved,Hospital,No,20
CLM70610,POL50514,2025-08-22,268672.17,Rejected,Other,No,26
CLM70611,POL52812,2025-04-23,164539.66,Pending,Other,No,17
CLM70612,POL51011,2023-04-23,111156.51,Rejected,Other,No,40
CLM70613,POL50581,2024-03-17,76485.73,Pending,Other,No,10
CLM70614,POL50289,2023-01-20,116318.31,Rejected,Accident,Yes,26
CLM70615,POL50348,2024-10-29,1057733.65,Approved,Death,No,10
CLM70616,POL52667,2024-03-27,371690.07,Pending,Accident,No,17
CLM70617,POL52679,2025-07-23,160188.41,Pending,Accident,No,43
CLM70618,POL51431,2025-03-17,284033.65,Pending,Accident,Yes,9
CLM70619,POL51953,2023-04-01,137486.53,Pending,Other,No,39
CLM70620,POL52353,2026-04-19,214813.25,Rejected,Other,No,36
CLM70621,POL51572,2023-11-03,385483.88,Pending,Accident,No,17
CLM70622,POL51882,2026-05-03,80507.84,Approved,Accident,No,17
CLM70623,POL52735,2025-08-23,418856.45,Approved,Accident,No,1
CLM70624,POL50487,2023-04-06,170159.08,Approved,Other,No,35
CLM70625,POL50389,2025-11-18,115002.9,Approved,Other,No,30
CLM70626,POL52125,2024-12-23,171039.77,Approved,Hospital,No,44
CLM70627,POL51986,2026-01-23,152400.05,Approved,Other,No,13
CLM70628,POL50526,2021-11-07,139921.63,Pending,Theft,No,18
CLM70629,POL50853,2024-11-05,93890.9,Approved,Other,No,31
CLM70630,POL51934,2021-09-17,154428.12,Approved,Hospital,No,15
CLM70631,POL51390,2022-05-11,89170.86,Approved,Other,No,15
CLM70632,POL52527,2023-07-22,431346.53,Pending,Hospital,No,8
CLM70633,POL52366,2026-05-23,154252.01,Rejected,Other,No,44
CLM70634,POL51369,2025-01-15,2776138.77,Pending,Death,No,21
CLM70635,POL51882,2022-12-31,264850.56,Rejected,Hospital,No,34
CLM70636,POL51816,2022-06-06,295326.54,Pending,Hospital,No,29
CLM70637,POL50257,2025-09-28,88219.91,Rejected,Other,No,27
CLM70638,POL51197,2025-05-05,134495.51,Approved,Other,No,14
CLM70639,POL51236,2023-02-01,933312.81,Approved,Death,No,14
CLM70640,POL52538,2022-08-31,130886.76,Pending,Theft,No,22
CLM70641,POL52503,2026-01-20,174378.29,Rejected,Hospital,No,6
CLM70642,POL50160,2026-06-06,222078.47,Pending,Theft,No,24
CLM70643,POL52389,2025-12-17,186889.06,Rejected,Other,No,4
CLM70644,POL51726,2025-06-03,128122.68,Pending,Accident,No,13
CLM70645,POL50043,2021-09-08,288106.84,Approved,Accident,No,28
CLM70646,POL51074,2022-01-03,237333.05,Rejected,Theft,No,2
CLM70647,POL52511,2024-06-17,669985.68,Approved,Death,No,2
CLM70648,POL51009,2022-09-19,155659.46,Approved,Hospital,No,10
CLM70649,POL51908,2022-07-25,1122293.16,Rejected,Death,No,34
CLM70650,POL51594,2023-10-06,60769.25,Approved,Hospital,No,36
CLM70651,POL51663,2022-12-27,150156.42,Pending,Other,No,1
CLM70652,POL51351,2023-07-29,339627.44,Approved,Other,No,13
CLM70653,POL51356,2024-08-04,60066.24,Rejected,Hospital,No,3
CLM70654,POL52552,2024-11-11,377246.32,Pending,Accident,No,1
CLM70655,POL51165,2024-02-04,196929.64,Approved,Other,No,42
CLM70656,POL50541,2024-12-16,87698.64,Pending,Theft,No,19
CLM70657,POL51181,2022-07-28,194587.07,Rejected,Other,No,35
CLM70658,POL52069,2023-03-05,1484902.97,Approved,Death,No,31
CLM70659,POL51336,2022-10-31,99947.82,Approved,Theft,No,20
CLM70660,POL52067,2023-02-18,105322.08,Rejected,Other,No,34
CLM70661,POL50676,2024-02-06,151970.87,Rejected,Other,No,11
CLM70662,POL51643,2025-08-28,1467374.22,Pending,Death,No,19
CLM70663,POL52444,2023-08-20,686657.46,Pending,Death,No,17
CLM70664,POL51492,2023-06-17,244793.64,Approved,Accident,No,26
CLM70665,POL51797,2024-01-29,129090.02,Approved,Theft,No,10
CLM70666,POL51915,2022-02-26,222717.99,Pending,Hospital,No,33
CLM70667,POL52088,2022-03-27,253148.03,Pending,Other,Yes,38
CLM70668,POL50986,2026-01-29,231962.56,Pending,Hospital,No,40
CLM70669,POL51769,2025-06-13,209083,Pending,Accident,No,40
CLM70670,POL51171,2023-02-09,177075.91,Pending,Theft,No,29
CLM70671,POL51101,2026-07-10,167527.6,Pending,Accident,Yes,36
CLM70672,POL51336,2023-04-20,133811.42,Approved,Hospital,No,31
CLM70673,POL51149,2024-12-26,273785.32,Pending,Other,No,42
CLM70674,POL50070,2022-04-02,498938.26,Pending,Hospital,No,5
CLM70675,POL52094,2023-12-31,367469.04,Rejected,Death,No,9
CLM70676,POL51648,2023-04-08,240813.22,Approved,Theft,No,19
CLM70677,POL50386,2022-03-29,384109.49,Rejected,Accident,No,28
CLM70678,POL50737,2025-02-27,81842.18,Rejected,Other,No,40
CLM70679,POL51725,2025-03-13,173773.02,Approved,Hospital,No,5
CLM70680,POL51459,2025-07-17,164861.28,Rejected,Hospital,No,8
CLM70681,POL52042,2024-02-03,388040.1,Pending,Other,Yes,38
CLM70682,POL51375,2025-09-12,411242.05,Approved,Theft,No,14
CLM70683,POL52388,2024-02-13,113564.21,Approved,Theft,No,1
CLM70684,POL50216,2023-09-25,106059.84,Rejected,Hospital,Yes,30
CLM70685,POL51730,2022-11-06,1324623.1,Pending,Death,No,39
CLM70686,POL51046,2023-02-16,288761.56,Rejected,Hospital,No,40
CLM70687,POL50866,2024-03-18,279396.53,Pending,Other,Yes,38
CLM70688,POL52669,2026-02-14,88331.61,Rejected,Other,No,3
CLM70689,POL52442,2025-08-03,258456.49,Rejected,Theft,No,6
CLM70690,POL50519,2021-12-23,104037.94,Pending,Other,Yes,39
CLM70691,POL50160,2025-07-14,245805.01,Pending,Theft,No,31
CLM70692,POL52452,2022-12-24,215954.53,Approved,Hospital,No,10
CLM70693,POL50477,2023-04-06,2327857.89,Approved,Death,No,18
CLM70694,POL52624,2023-08-19,275152.2,Approved,Hospital,No,38
CLM70695,POL50782,2023-11-19,128205.97,Approved,Other,No,41
CLM70696,POL51159,2023-09-01,160710.08,Approved,Other,No,40
CLM70697,POL50123,2026-03-27,237745.72,Rejected,Accident,Yes,21
CLM70698,POL51515,2023-01-06,505312.27,Pending,Death,No,35
CLM70699,POL50533,2025-04-25,575980.39,Pending,Hospital,No,2
CLM70700,POL51212,2023-05-16,556029.18,Approved,Accident,No,41
CLM70701,POL52600,2025-10-07,824059.74,Approved,Death,No,10
CLM70702,POL50712,2023-03-20,212847.44,Rejected,Other,No,43
CLM70703,POL51791,2023-09-21,613599.37,Rejected,Hospital,No,1
CLM70704,POL50571,2024-07-14,464011.38,Approved,Accident,No,41
CLM70705,POL51721,2022-07-04,214383.23,Approved,Accident,No,24
CLM70706,POL50816,2022-09-14,143546.16,Rejected,Other,No,23
CLM70707,POL51923,2024-10-19,76263.13,Approved,Theft,No,30
CLM70708,POL52174,2026-05-31,1325812.4,Pending,Death,No,21
CLM70709,POL52491,2024-09-27,335083.4,Approved,Theft,No,42
CLM70710,POL52598,2023-04-28,1681174.35,Pending,Death,Yes,5
CLM70711,POL50680,2024-09-12,212970.88,Rejected,Other,No,29
CLM70712,POL50362,2021-10-09,214676.05,Pending,Theft,No,10
CLM70713,POL50133,2025-04-14,109295.01,Rejected,Theft,Yes,2
CLM70714,POL52033,2025-09-08,176001.07,Rejected,Other,No,29
CLM70715,POL50528,2022-02-14,109377.4,Pending,Other,Yes,30
CLM70716,POL52260,2025-03-13,286064.49,Pending,Hospital,No,6
CLM70717,POL52728,2026-03-27,122857.33,Pending,Theft,No,32
CLM70718,POL50415,2025-07-05,1166546.3,Rejected,Death,No,42
CLM70719,POL50800,2024-06-09,484454.07,Rejected,Accident,No,31
CLM70720,POL51477,2024-12-12,301882.16,Approved,Accident,No,10
CLM70721,POL51211,2024-04-07,212127.23,Rejected,Theft,No,4
CLM70722,POL51198,2023-06-26,1420704.58,Rejected,Death,No,4
CLM70723,POL50613,2022-08-31,2181050.87,Pending,Death,No,28
CLM70724,POL52515,2022-06-16,852994.17,Pending,Death,No,11
CLM70725,POL51923,2024-05-08,233566.74,Rejected,Theft,No,17
CLM70726,POL50432,2025-12-21,1916030.84,Pending,Death,No,3
CLM70727,POL50011,2022-10-26,349360.85,Approved,Accident,Yes,20
CLM70728,POL52152,2025-09-05,55116.36,Pending,Other,Yes,8
CLM70729,POL50042,2026-03-24,174801.6,Approved,Accident,No,19
CLM70730,POL52490,2023-05-01,1310174.76,Pending,Death,No,26
CLM70731,POL51492,2022-10-01,122799.01,Pending,Other,No,43
CLM70732,POL52630,2025-05-04,452055.47,Pending,Hospital,No,13
CLM70733,POL52177,2026-05-17,632969.93,Rejected,Accident,No,15
CLM70734,POL52529,2021-11-07,111666.05,Pending,Other,No,36
CLM70735,POL52099,2021-10-09,89513.01,Approved,Other,No,42
CLM70736,POL51625,2026-05-18,208694.14,Approved,Accident,No,18
CLM70737,POL50488,2022-03-09,729920.87,Pending,Death,No,16
CLM70738,POL52053,2023-08-31,387998.31,Rejected,Theft,No,32
CLM70739,POL51670,2024-02-05,107263.63,Approved,Theft,No,34
CLM70740,POL51278,2022-06-16,217424.22,Approved,Other,No,32
CLM70741,POL51575,2023-03-07,360277.95,Approved,Theft,No,29
CLM70742,POL50655,2022-10-28,376557.64,Rejected,Accident,No,6
CLM70743,POL51139,2025-07-15,223896.63,Rejected,Theft,No,12
CLM70744,POL50349,2022-11-28,138314.45,Pending,Other,No,3
CLM70745,POL51154,2023-01-13,453704.07,Rejected,Theft,No,18
CLM70746,POL51313,2022-04-16,194610.42,Rejected,Hospital,No,38
CLM70747,POL52425,2025-08-05,289194.37,Rejected,Theft,No,10
CLM70748,POL51486,2024-12-13,138555.05,Rejected,Other,No,31
CLM70749,POL52571,2022-04-30,71672.37,Rejected,Theft,No,19
CLM70750,POL52737,2025-05-17,157296.96,Approved,Theft,No,8
CLM70751,POL50135,2023-01-09,203463.3,Pending,Hospital,No,10
CLM70752,POL51684,2022-02-05,232703.09,Rejected,Accident,No,30
CLM70753,POL50844,2022-01-15,646931.05,Rejected,Death,No,35
CLM70754,POL52407,2025-04-14,205104.68,Pending,Other,No,15
CLM70755,POL51389,2025-06-26,318038.45,Approved,Hospital,No,41
CLM70756,POL50217,2023-10-01,154477.34,Pending,Theft,No,3
CLM70757,POL50607,2021-09-29,188014.63,Pending,Hospital,No,26
CLM70758,POL51901,2025-10-28,130097.4,Approved,Hospital,No,11
CLM70759,POL50222,2024-09-12,170343.41,Pending,Other,No,40
CLM70760,POL51067,2022-06-07,358495.66,Approved,Theft,No,34
CLM70761,POL52465,2025-05-09,498084.37,Pending,Accident,No,3
CLM70762,POL50079,2025-08-21,163049.36,Approved,Hospital,No,18
CLM70763,POL51965,2022-08-23,405950.48,Approved,Other,No,33
CLM70764,POL51906,2024-09-13,125154.58,Rejected,Other,No,24
CLM70765,POL50905,2023-03-27,150428.98,Pending,Accident,Yes,22
CLM70766,POL50315,2023-04-17,111352.89,Approved,Hospital,Yes,7
CLM70767,POL50286,2024-03-27,105090.61,Approved,Theft,No,26
CLM70768,POL52741,2021-10-15,177240.97,Approved,Other,No,5
CLM70769,POL51909,2023-01-16,791288.56,Approved,Death,No,15
CLM70770,POL51058,2022-09-08,656150.92,Approved,Death,No,11
CLM70771,POL52355,2022-12-29,589159.67,Rejected,Death,No,29
CLM70772,POL50289,2024-12-14,87145.28,Approved,Other,No,21
CLM70773,POL50356,2024-01-12,576779.68,Pending,Death,No,19
CLM70774,POL50558,2023-02-17,415365.04,Rejected,Accident,No,38
CLM70775,POL52154,2022-02-20,542016.15,Rejected,Hospital,No,18
CLM70776,POL51151,2026-07-05,559032.54,Pending,Hospital,No,34
CLM70777,POL51814,2024-06-23,310185.66,Rejected,Hospital,No,40
CLM70778,POL50656,2024-02-03,171999.15,Pending,Hospital,No,8
CLM70779,POL52194,2026-03-19,644508.51,Rejected,Death,No,33
CLM70780,POL52264,2024-05-04,262703.7,Approved,Theft,No,4
CLM70781,POL51163,2022-11-23,221026.33,Approved,Accident,No,29
CLM70782,POL50591,2021-10-04,1105831.74,Rejected,Death,No,10
CLM70783,POL51778,2024-02-28,472565.26,Rejected,Theft,Yes,12
CLM70784,POL50722,2023-08-23,167176.41,Pending,Other,No,38
CLM70785,POL50416,2023-07-15,780852.79,Approved,Accident,No,9
CLM70786,POL51738,2024-05-28,142312.24,Rejected,Accident,No,23
CLM70787,POL51444,2022-03-19,187606.47,Approved,Other,No,35
CLM70788,POL52212,2022-10-17,175476.22,Pending,Other,No,36
CLM70789,POL50825,2026-07-20,550239.77,Pending,Death,No,10
CLM70790,POL50636,2023-08-29,1343754.09,Rejected,Death,No,17
CLM70791,POL51808,2022-11-01,386975.68,Approved,Theft,Yes,25
CLM70792,POL51979,2023-07-10,451226.85,Approved,Other,No,26
CLM70793,POL51164,2024-06-27,221097.06,Approved,Theft,No,8
CLM70794,POL51243,2024-11-20,85078.48,Pending,Hospital,No,27
CLM70795,POL50348,2023-05-03,279254.18,Pending,Hospital,Yes,1
CLM70796,POL51321,2025-09-21,362288.45,Pending,Accident,No,28
CLM70797,POL52719,2026-07-21,160030.41,Pending,Theft,No,33
CLM70798,POL50319,2022-02-24,244982.6,Rejected,Hospital,Yes,21
CLM70799,POL51601,2022-07-09,172761.91,Pending,Hospital,No,11
CLM70800,POL50049,2025-12-31,233834.39,Pending,Accident,No,11
CLM70801,POL50917,2024-02-14,249480.01,Approved,Other,Yes,31
CLM70802,POL52147,2022-12-03,500682.81,Rejected,Accident,Yes,19
CLM70803,POL51599,2022-05-19,95354.58,Pending,Theft,No,41
CLM70804,POL50226,2024-10-03,139392.77,Pending,Theft,No,43
CLM70805,POL51270,2024-01-16,112982.58,Approved,Accident,Yes,20
CLM70806,POL50220,2025-04-15,2256469.93,Approved,Death,No,12
CLM70807,POL51052,2024-07-04,386391.34,Approved,Accident,Yes,36
CLM70808,POL52169,2022-11-01,91923.73,Pending,Accident,No,32
CLM70809,POL50728,2025-07-06,871422.89,Rejected,Death,No,8
CLM70810,POL51274,2022-12-07,156214.07,Approved,Theft,No,42
CLM70811,POL51407,2023-03-26,102787.71,Rejected,Other,No,9
CLM70812,POL52412,2023-05-13,1511009.76,Rejected,Death,No,25
CLM70813,POL50341,2022-06-05,365154.65,Rejected,Hospital,Yes,9
CLM70814,POL51552,2023-04-13,286055.75,Pending,Accident,No,22
CLM70815,POL50083,2024-07-01,652994.39,Approved,Death,No,28
CLM70816,POL50261,2023-09-15,109290.7,Approved,Other,No,6
CLM70817,POL50622,2021-09-13,153330.95,Pending,Other,No,12
CLM70818,POL52031,2025-02-15,175047.85,Pending,Hospital,Yes,34
CLM70819,POL50113,2025-06-13,249273.38,Pending,Accident,No,43
CLM70820,POL52673,2025-08-24,290809.41,Pending,Hospital,Yes,41
CLM70821,POL51203,2024-05-26,102193.01,Rejected,Hospital,No,34
CLM70822,POL52370,2023-03-28,150586.16,Approved,Hospital,No,44
CLM70823,POL50626,2024-12-07,176993.03,Rejected,Theft,Yes,8
CLM70824,POL50950,2023-04-13,393715.79,Approved,Theft,No,9
CLM70825,POL52051,2025-03-21,228903.86,Rejected,Other,No,18
CLM70826,POL51067,2024-03-30,249552.4,Pending,Accident,No,41
CLM70827,POL51429,2025-12-19,183422.03,Pending,Other,No,36
CLM70828,POL52286,2026-08-21,142577.16,Approved,Other,Yes,17
CLM70829,POL51838,2022-01-29,1542263.85,Rejected,Death,No,1
CLM70830,POL52362,2022-03-13,223594.34,Rejected,Theft,No,28
CLM70831,POL50242,2025-03-03,284301.53,Rejected,Other,No,14
CLM70832,POL51716,2023-07-21,457019.21,Rejected,Death,No,10
CLM70833,POL51696,2025-06-16,120284.72,Pending,Theft,No,10
CLM70834,POL51714,2022-06-26,206488.05,Pending,Theft,No,11
CLM70835,POL51660,2025-05-31,191979.94,Approved,Other,No,15
CLM70836,POL52043,2022-07-03,597722.19,Approved,Theft,No,28
CLM70837,POL52386,2023-11-11,72899.63,Approved,Theft,No,8
CLM70838,POL50648,2026-07-14,177047.71,Pending,Theft,No,22
CLM70839,POL50293,2021-11-13,173121.88,Approved,Theft,No,41
CLM70840,POL50206,2023-10-17,1013651.13,Rejected,Death,No,43
CLM70841,POL50445,2022-07-11,2140993.12,Pending,Death,No,37
CLM70842,POL51852,2025-09-09,232472.77,Approved,Other,No,12
CLM70843,POL51172,2024-02-10,98654.16,Pending,Hospital,No,7
CLM70844,POL50983,2025-06-02,387546.78,Approved,Theft,Yes,39
CLM70845,POL52574,2024-05-29,467107.33,Approved,Hospital,No,18
CLM70846,POL52545,2023-09-02,285145.11,Pending,Accident,No,21
CLM70847,POL51519,2023-02-27,80163.98,Rejected,Theft,No,19
CLM70848,POL51289,2023-11-07,139048.92,Approved,Other,No,6
CLM70849,POL50763,2023-02-22,278103,Pending,Hospital,No,32
CLM70850,POL51293,2026-04-14,411470.13,Rejected,Accident,No,11
CLM70851,POL51157,2025-01-21,90776.79,Rejected,Hospital,No,11
CLM70852,POL50018,2024-04-14,612679.82,Approved,Death,No,34
CLM70853,POL52140,2024-09-30,311676.27,Pending,Theft,No,32
CLM70854,POL51233,2023-07-13,381396.45,Approved,Theft,No,37
CLM70855,POL50628,2024-12-03,272841.56,Approved,Hospital,No,32
CLM70856,POL51881,2022-05-19,319645.62,Pending,Theft,No,2
CLM70857,POL51258,2024-04-15,226014.12,Approved,Theft,No,19
CLM70858,POL50884,2022-09-11,1456712.03,Rejected,Death,No,19
CLM70859,POL50651,2024-09-28,268814.64,Pending,Accident,No,15
CLM70860,POL50164,2025-03-31,1144094.8,Rejected,Death,No,22
CLM70861,POL51415,2024-04-08,135716.97,Approved,Accident,Yes,22
CLM70862,POL51057,2022-12-06,215229.29,Approved,Other,No,28
CLM70863,POL50110,2023-12-27,481168.89,Rejected,Death,No,43
CLM70864,POL52295,2026-05-10,1290652,Approved,Death,No,29
CLM70865,POL52284,2026-04-23,176643.93,Approved,Hospital,No,42
CLM70866,POL51377,2025-04-10,264706.51,Pending,Hospital,No,37
CLM70867,POL52371,2025-12-08,155254.01,Pending,Accident,No,33
CLM70868,POL51352,2022-05-08,171027.34,Approved,Hospital,No,13
CLM70869,POL50476,2024-04-18,180299.75,Rejected,Other,Yes,26
CLM70870,POL51458,2025-10-27,218721.91,Pending,Other,No,5
CLM70871,POL50881,2021-09-20,1555092.57,Pending,Death,No,41
CLM70872,POL51271,2023-10-03,123790.51,Pending,Hospital,No,9
CLM70873,POL52745,2022-06-04,103861.8,Approved,Hospital,No,11
CLM70874,POL51001,2022-01-03,552659.23,Pending,Death,No,42
CLM70875,POL50610,2026-07-23,528261.09,Pending,Death,No,6
CLM70876,POL50361,2023-03-26,547233.39,Pending,Accident,Yes,25
CLM70877,POL52499,2022-08-11,1758996.6,Approved,Death,No,26
CLM70878,POL50039,2025-02-22,109360.36,Rejected,Theft,No,10
CLM70879,POL52567,2024-05-12,423312.8,Rejected,Theft,No,18
CLM70880,POL50171,2023-04-30,1707258.39,Rejected,Death,No,35
CLM70881,POL52124,2021-12-23,110681.81,Approved,Accident,Yes,32
CLM70882,POL50828,2024-01-07,149357.8,Pending,Accident,No,26
CLM70883,POL50705,2022-06-15,78517.92,Pending,Theft,No,24
CLM70884,POL50508,2023-06-05,210679.23,Rejected,Hospital,No,17
CLM70885,POL50377,2024-06-20,181573.93,Rejected,Theft,Yes,28
CLM70886,POL50184,2022-10-20,251950.05,Approved,Accident,No,1
CLM70887,POL50435,2024-10-25,326696.32,Approved,Death,No,4
CLM70888,POL51660,2026-04-25,73480.19,Pending,Other,No,35
CLM70889,POL51606,2023-01-17,205004.98,Pending,Theft,No,8
CLM70890,POL50793,2025-10-11,245689.39,Rejected,Theft,No,32
CLM70891,POL51918,2026-01-06,54638,Pending,Other,No,1
CLM70892,POL52171,2024-08-05,131748.51,Approved,Accident,No,12
CLM70893,POL52772,2023-03-15,1500571.53,Rejected,Death,Yes,42
CLM70894,POL51236,2024-10-17,81325.42,Rejected,Other,No,12
CLM70895,POL51054,2023-09-09,148901.6,Rejected,Other,No,44
CLM70896,POL52752,2022-12-12,465272.42,Pending,Death,No,12
CLM70897,POL52664,2024-05-18,272788.79,Approved,Theft,No,28
CLM70898,POL52621,2024-12-20,80249.16,Approved,Hospital,No,30
CLM70899,POL51718,2022-01-22,214697.79,Approved,Accident,No,28
CLM70900,POL51744,2022-06-08,400059.84,Rejected,Accident,No,13
CLM70901,POL52624,2025-04-29,339161.1,Pending,Accident,No,34
CLM70902,POL51348,2023-01-27,142722.28,Pending,Theft,No,14
CLM70903,POL50603,2022-12-27,155133.57,Approved,Hospital,No,36
CLM70904,POL52786,2022-03-08,801068.53,Approved,Death,No,17
CLM70905,POL52380,2025-08-28,131208.2,Approved,Accident,No,37
CLM70906,POL50155,2024-08-11,209269.7,Pending,Hospital,No,44
CLM70907,POL50315,2025-07-03,239852.21,Pending,Accident,Yes,34
CLM70908,POL52495,2023-04-29,146054.85,Approved,Theft,No,21
CLM70909,POL50850,2025-07-14,247351.18,Approved,Other,Yes,19
CLM70910,POL51966,2024-08-19,128816.09,Pending,Hospital,No,17
CLM70911,POL50331,2023-01-22,63971.75,Rejected,Other,No,16
CLM70912,POL50481,2025-09-16,169180.78,Approved,Hospital,No,21
CLM70913,POL52109,2026-01-11,159594.16,Pending,Other,No,22
CLM70914,POL52769,2025-01-06,237008.69,Pending,Accident,Yes,32
CLM70915,POL51413,2024-01-15,166896.83,Pending,Theft,No,40
CLM70916,POL50117,2022-07-07,85409.13,Pending,Other,No,39
CLM70917,POL50661,2025-08-04,550663.97,Pending,Death,Yes,27
CLM70918,POL50601,2026-08-15,195838.01,Rejected,Accident,No,44
CLM70919,POL52645,2022-02-16,112960.32,Pending,Other,No,40
CLM70920,POL51179,2025-09-09,432898.68,Pending,Accident,No,22
CLM70921,POL52682,2022-05-28,205390.86,Rejected,Theft,No,19
CLM70922,POL52431,2022-07-01,114933.48,Approved,Other,No,21
CLM70923,POL51267,2026-01-17,432234.15,Pending,Accident,Yes,2
CLM70924,POL50068,2023-04-16,274998.83,Approved,Hospital,No,15
CLM70925,POL52751,2026-02-25,111592.71,Pending,Hospital,No,17
CLM70926,POL50026,2021-12-07,29659.99,Pending,Other,No,35
CLM70927,POL52420,2024-03-25,92743.68,Rejected,Theft,No,12
CLM70928,POL51163,2023-11-15,242359.98,Approved,Theft,No,29
CLM70929,POL50850,2024-12-30,234247.4,Rejected,Other,Yes,15
CLM70930,POL51150,2023-04-23,95919.78,Rejected,Hospital,No,16
CLM70931,POL51005,2024-03-05,1251022.97,Approved,Death,No,4
CLM70932,POL51945,2022-04-05,204589.44,Rejected,Other,Yes,23
CLM70933,POL51615,2024-06-22,301314.98,Rejected,Other,No,5
CLM70934,POL50724,2023-07-24,241249.67,Approved,Other,No,10
CLM70935,POL51487,2023-08-08,353858.84,Rejected,Theft,No,23
CLM70936,POL51141,2024-01-17,191486.68,Pending,Other,No,31
CLM70937,POL52604,2023-03-26,188311.26,Pending,Other,No,18
CLM70938,POL52524,2024-04-13,126721.66,Rejected,Other,No,12
CLM70939,POL51743,2024-04-29,331542.41,Pending,Hospital,No,40
CLM70940,POL52730,2026-02-02,128413.76,Rejected,Accident,No,16
CLM70941,POL51056,2025-11-19,233252.65,Rejected,Accident,No,15
CLM70942,POL50246,2026-06-14,196483.23,Approved,Other,No,3
CLM70943,POL50131,2026-05-27,505510.27,Rejected,Accident,No,16
CLM70944,POL52355,2025-11-03,173236.63,Rejected,Hospital,No,10
CLM70945,POL51078,2025-03-25,291852.16,Rejected,Theft,No,16
CLM70946,POL52433,2025-11-15,226528.69,Approved,Accident,No,9
CLM70947,POL51290,2024-06-23,245713.14,Approved,Other,No,9
CLM70948,POL50028,2024-02-15,167466.76,Pending,Accident,No,33
CLM70949,POL51490,2025-08-14,316275.39,Pending,Hospital,No,21
CLM70950,POL51676,2025-02-06,238362.36,Rejected,Accident,No,31
CLM70951,POL51269,2024-06-18,82937.28,Rejected,Other,No,26
CLM70952,POL52368,2023-11-07,231553.77,Pending,Accident,No,24
CLM70953,POL51818,2023-06-01,426018.66,Approved,Hospital,No,21
CLM70954,POL51027,2021-10-19,150183.59,Rejected,Accident,No,18
CLM70955,POL52029,2023-07-03,119021.27,Approved,Accident,No,12
CLM70956,POL50901,2024-01-02,268539.71,Pending,Hospital,No,40
CLM70957,POL52370,2025-01-09,64827.91,Pending,Other,No,19
CLM70958,POL50790,2025-04-25,480729.64,Approved,Hospital,No,39
CLM70959,POL51881,2022-09-28,474711.73,Rejected,Hospital,No,34
CLM70960,POL51168,2024-06-21,420145.5,Pending,Accident,No,27
CLM70961,POL50283,2026-08-31,248599.94,Approved,Accident,No,38
CLM70962,POL51777,2026-05-16,413760.66,Rejected,Theft,No,29
CLM70963,POL51077,2023-08-02,1763610.66,Rejected,Death,No,36
CLM70964,POL51790,2022-07-27,168556.01,Rejected,Hospital,No,36
CLM70965,POL51522,2025-05-30,513309.48,Rejected,Accident,No,29
CLM70966,POL50114,2021-09-22,570525.58,Approved,Death,No,32
CLM70967,POL50579,2023-11-19,163112.54,Rejected,Theft,No,36
CLM70968,POL51978,2024-04-21,73422.09,Approved,Theft,No,10
CLM70969,POL51315,2021-09-13,268922.38,Approved,Accident,No,39
CLM70970,POL51312,2023-03-24,189876.39,Pending,Hospital,No,23
CLM70971,POL50006,2022-02-21,175480.44,Approved,Hospital,No,6
CLM70972,POL50854,2023-07-08,138076.55,Pending,Other,No,7
CLM70973,POL51889,2022-12-10,134718.07,Pending,Theft,Yes,34
CLM70974,POL52508,2026-04-13,255263.92,Pending,Accident,No,36
CLM70975,POL51618,2024-09-15,1709881.43,Pending,Death,No,29
CLM70976,POL51524,2021-11-03,105850.79,Rejected,Theft,No,29
CLM70977,POL51323,2023-01-18,384800.35,Rejected,Accident,No,39
CLM70978,POL51914,2024-01-25,1002263.15,Rejected,Death,No,44
CLM70979,POL52254,2021-11-22,217026.63,Approved,Theft,No,37
CLM70980,POL50622,2025-02-24,147714.43,Pending,Other,No,7
CLM70981,POL52014,2022-12-09,125745.09,Pending,Theft,Yes,36
CLM70982,POL50688,2024-10-19,224839.92,Rejected,Theft,No,23
CLM70983,POL50086,2026-07-13,324044.41,Rejected,Accident,No,36
CLM70984,POL50208,2025-10-16,120629.3,Approved,Theft,No,32
CLM70985,POL50128,2025-12-28,76813.32,Pending,Other,No,30
CLM70986,POL50790,2026-04-24,229586.88,Pending,Hospital,No,39
CLM70987,POL50357,2026-08-29,364607.47,Approved,Accident,No,7
CLM70988,POL50238,2024-11-01,1487630.39,Pending,Death,No,38
CLM70989,POL50414,2024-02-15,1642634.07,Pending,Death,No,16
CLM70990,POL50104,2024-01-15,301013.87,Approved,Accident,No,9
CLM70991,POL50966,2026-01-18,131502.91,Approved,Other,No,32
CLM70992,POL52325,2025-06-05,179806.2,Approved,Theft,No,44
CLM70993,POL51562,2025-09-17,483381.59,Approved,Death,No,4
CLM70994,POL50180,2021-11-11,156382.48,Pending,Hospital,Yes,44
CLM70995,POL51055,2021-10-25,214220.26,Pending,Hospital,Yes,16
CLM70996,POL51209,2026-02-22,157533.38,Approved,Theft,No,43
CLM70997,POL50486,2022-06-09,188474.27,Pending,Theft,No,3
CLM70998,POL51050,2025-05-10,452585.25,Rejected,Death,No,27
CLM70999,POL50947,2026-01-11,140572.91,Pending,Accident,No,24
CLM71000,POL51388,2022-05-01,265271.46,Rejected,Theft,No,37
CLM71001,POL51969,2023-10-09,145032.12,Rejected,Hospital,Yes,21
CLM71002,POL51345,2025-11-26,178282.6,Approved,Accident,No,4
CLM71003,POL50206,2021-12-14,188759.69,Approved,Theft,No,9
CLM71004,POL50153,2024-11-10,156940.59,Pending,Accident,No,12
CLM71005,POL52511,2021-12-25,434686.85,Pending,Accident,Yes,39
CLM71006,POL51961,2022-02-28,96018.59,Pending,Theft,No,5
CLM71007,POL51855,2024-05-24,180137.21,Approved,Theft,No,37
CLM71008,POL52583,2026-08-04,103166.35,Rejected,Other,No,23
CLM71009,POL51526,2022-08-23,237869.28,Approved,Hospital,No,25
CLM71010,POL50206,2024-09-28,171553.53,Approved,Hospital,No,43
CLM71011,POL52015,2021-10-03,247060.93,Pending,Accident,No,34
CLM71012,POL50456,2025-11-10,276241.57,Approved,Other,No,29
CLM71013,POL51880,2025-11-30,638212.65,Rejected,Death,No,37
CLM71014,POL51129,2023-04-04,127112.39,Rejected,Theft,Yes,21
CLM71015,POL50077,2025-03-21,153700.58,Pending,Theft,Yes,41
CLM71016,POL50154,2026-03-15,1880709.64,Pending,Death,Yes,35
CLM71017,POL51106,2024-08-10,210346.51,Pending,Hospital,No,43
CLM71018,POL51676,2026-05-25,1668192.64,Rejected,Death,No,25
CLM71019,POL50482,2024-04-03,823809.28,Pending,Death,No,29
CLM71020,POL50299,2026-05-18,398794.42,Pending,Hospital,No,21
CLM71021,POL51059,2023-09-09,269703.53,Pending,Hospital,No,41
CLM71022,POL52272,2025-11-11,237517.21,Pending,Theft,No,28
CLM71023,POL52213,2025-01-08,121945.82,Approved,Accident,No,7
CLM71024,POL51931,2021-12-30,81522.83,Pending,Theft,No,23
CLM71025,POL51196,2025-10-19,256143.04,Pending,Other,No,6
CLM71026,POL51242,2024-03-07,424260.06,Pending,Accident,No,29
CLM71027,POL50637,2025-04-26,838981.4,Rejected,Accident,Yes,31
CLM71028,POL50384,2022-02-03,104653.1,Approved,Hospital,No,36
CLM71029,POL50041,2023-11-22,318735.19,Rejected,Accident,No,7
CLM71030,POL52432,2023-01-19,149837.36,Pending,Accident,No,21
CLM71031,POL51395,2022-08-31,172631.69,Pending,Accident,No,16
CLM71032,POL50007,2024-03-14,194481.65,Rejected,Accident,No,19
CLM71033,POL51492,2022-07-16,302668.59,Pending,Accident,No,42
CLM71034,POL50728,2025-05-29,645730.17,Approved,Death,No,25
CLM71035,POL51202,2025-11-11,183054.69,Pending,Theft,No,20
CLM71036,POL51897,2021-09-08,378977.95,Pending,Accident,No,40
CLM71037,POL52287,2023-01-16,263649.86,Approved,Other,No,24
CLM71038,POL51978,2023-06-05,1272437.24,Approved,Death,No,19
CLM71039,POL52534,2023-05-19,188023.95,Pending,Other,Yes,24
CLM71040,POL50662,2024-07-07,232908.13,Approved,Accident,No,38
CLM71041,POL51867,2025-02-26,677174.38,Approved,Death,No,20
CLM71042,POL52517,2024-07-03,327329.3,Approved,Accident,No,28
CLM71043,POL50870,2023-12-27,106431.58,Rejected,Theft,No,8
CLM71044,POL52258,2022-04-03,191047.33,Approved,Theft,No,1
CLM71045,POL52659,2022-02-15,128482.01,Pending,Hospital,No,3
CLM71046,POL51818,2025-04-27,244893.11,Pending,Accident,No,21
CLM71047,POL50462,2022-08-08,129900.97,Rejected,Hospital,No,32
CLM71048,POL50736,2024-08-18,147330.02,Pending,Theft,No,10
CLM71049,POL51919,2026-07-03,156906.65,Rejected,Hospital,No,42
CLM71050,POL52449,2025-07-04,120865.44,Rejected,Theft,No,7
CLM71051,POL50064,2025-08-14,239315.41,Pending,Accident,No,31
CLM71052,POL50920,2022-10-05,44644.65,Rejected,Other,No,11
CLM71053,POL50659,2023-07-19,101516.52,Pending,Accident,No,3
CLM71054,POL51187,2022-01-29,328811.25,Pending,Hospital,No,32
CLM71055,POL52167,2025-04-18,968873.6,Rejected,Death,No,23
CLM71056,POL51414,2022-11-27,174125.73,Rejected,Accident,No,28
CLM71057,POL51460,2025-11-10,358016.55,Approved,Hospital,No,42
CLM71058,POL51719,2024-11-19,653802.96,Rejected,Death,No,24
CLM71059,POL51452,2026-03-08,187094.58,Pending,Accident,No,38
CLM71060,POL51942,2022-08-18,148700.6,Rejected,Hospital,No,22
CLM71061,POL50300,2025-06-14,648570.24,Rejected,Accident,No,16
CLM71062,POL50062,2022-05-03,247442.54,Rejected,Hospital,No,18
CLM71063,POL52336,2021-12-09,165420.5,Approved,Other,No,16
CLM71064,POL51346,2025-03-15,189395.19,Approved,Other,No,40
CLM71065,POL50842,2022-07-25,98998.65,Rejected,Accident,No,23
CLM71066,POL51277,2022-05-17,133747.36,Pending,Theft,No,42
CLM71067,POL51835,2023-04-02,276198.82,Rejected,Hospital,No,12
CLM71068,POL50342,2022-10-20,219548.53,Pending,Hospital,No,34
CLM71069,POL51476,2022-08-12,662709.61,Pending,Hospital,No,6
CLM71070,POL50310,2026-02-03,114782.55,Pending,Other,No,13
CLM71071,POL52431,2022-07-23,1442288.38,Pending,Death,Yes,2
CLM71072,POL51585,2023-02-23,1346679.09,Pending,Death,No,41
CLM71073,POL52291,2025-02-28,161103.3,Approved,Other,No,14
CLM71074,POL52034,2022-12-30,211697.54,Rejected,Theft,No,37
CLM71075,POL52303,2024-02-15,129740.34,Pending,Other,No,19
CLM71076,POL50962,2024-07-26,67112.66,Approved,Theft,No,6
CLM71077,POL50391,2023-06-02,178614.01,Approved,Other,No,16
CLM71078,POL52522,2024-11-18,272555.36,Approved,Hospital,No,16
CLM71079,POL52502,2023-12-03,1206184.76,Approved,Death,No,23
CLM71080,POL52498,2024-10-29,227051.24,Rejected,Hospital,No,15
CLM71081,POL52797,2025-10-31,292410.14,Approved,Theft,No,30
CLM71082,POL51681,2021-11-09,97284.56,Approved,Other,No,33
CLM71083,POL51443,2025-11-06,375084.25,Pending,Theft,No,7
CLM71084,POL52252,2023-08-08,152551.67,Approved,Accident,No,24
CLM71085,POL50308,2024-05-12,142126.24,Pending,Other,No,26
CLM71086,POL52211,2022-09-22,253001.07,Approved,Theft,No,12
CLM71087,POL52295,2025-03-08,170059.95,Approved,Hospital,No,34
CLM71088,POL51627,2023-05-29,319938.92,Rejected,Hospital,No,11
CLM71089,POL51092,2025-09-23,126373.6,Approved,Other,No,39
CLM71090,POL51853,2025-08-27,159126.87,Approved,Other,No,21
CLM71091,POL52588,2022-09-17,228353.9,Pending,Accident,No,17
CLM71092,POL50444,2025-03-04,164880.27,Approved,Hospital,No,30
CLM71093,POL50877,2024-03-11,2773685.82,Rejected,Death,No,28
CLM71094,POL51894,2025-10-28,98569.46,Approved,Other,No,23
CLM71095,POL52355,2025-08-24,57391.76,Pending,Theft,No,31
CLM71096,POL51840,2022-02-15,602192.18,Rejected,Death,Yes,12
CLM71097,POL51666,2025-07-17,160177.61,Pending,Other,No,36
CLM71098,POL50239,2022-12-18,182217.49,Approved,Hospital,No,28
CLM71099,POL51220,2024-01-05,1497695.08,Pending,Death,No,10
CLM71100,POL52518,2021-10-30,1470689.57,Approved,Death,No,44
CLM71101,POL51018,2022-04-01,767546.61,Rejected,Death,No,39
CLM71102,POL51072,2024-12-18,107807.47,Pending,Accident,No,8
CLM71103,POL51007,2022-08-09,94763.31,Approved,Theft,Yes,35
CLM71104,POL51022,2022-05-16,885624.97,Pending,Death,No,24
CLM71105,POL51140,2024-08-10,100622.18,Pending,Hospital,No,34
CLM71106,POL52181,2023-07-15,208005.98,Approved,Accident,No,17
CLM71107,POL51279,2023-07-25,305297.49,Rejected,Other,No,11
CLM71108,POL51713,2024-08-12,213657.32,Rejected,Theft,No,10
CLM71109,POL51243,2021-11-03,184157.4,Pending,Theft,No,3
CLM71110,POL52472,2025-03-07,534861.83,Pending,Death,No,39
CLM71111,POL50505,2024-10-27,985612.81,Approved,Death,No,14
CLM71112,POL50346,2026-01-08,219685.91,Approved,Accident,No,43
CLM71113,POL51148,2021-09-17,202811.14,Rejected,Theft,No,10
CLM71114,POL52755,2023-10-12,316453.55,Rejected,Hospital,No,16
CLM71115,POL51976,2023-05-07,344705.14,Rejected,Hospital,No,39
CLM71116,POL51740,2024-11-29,191982.1,Pending,Theft,No,16
CLM71117,POL51099,2022-03-05,1162532.66,Rejected,Death,No,34
CLM71118,POL50833,2026-03-29,170312.88,Rejected,Hospital,No,5
CLM71119,POL52706,2023-03-16,317107.71,Pending,Theft,Yes,42
CLM71120,POL51201,2024-01-03,115514.37,Pending,Theft,No,28
CLM71121,POL52006,2022-08-09,198322.28,Rejected,Hospital,No,34
CLM71122,POL52289,2021-10-12,408273.14,Approved,Hospital,Yes,2
CLM71123,POL51856,2025-09-20,196493.57,Pending,Accident,No,43
CLM71124,POL50656,2023-12-15,112531.67,Approved,Hospital,No,22
CLM71125,POL50812,2024-07-21,203585.44,Approved,Accident,No,10
CLM71126,POL50062,2023-11-06,300817.1,Rejected,Other,No,7
CLM71127,POL52741,2023-09-02,289173.44,Rejected,Death,No,4
CLM71128,POL52359,2025-11-04,263132.45,Rejected,Accident,No,30
CLM71129,POL51138,2022-12-08,655496.52,Approved,Death,No,10
CLM71130,POL52524,2023-07-16,137939.92,Rejected,Other,No,41
CLM71131,POL50432,2023-05-13,756061.52,Pending,Death,No,11
CLM71132,POL50115,2025-01-24,355622.29,Approved,Hospital,No,4
CLM71133,POL50379,2023-03-05,225999.23,Rejected,Hospital,No,38
CLM71134,POL52498,2026-07-12,364634.3,Rejected,Hospital,No,35
CLM71135,POL50451,2026-01-23,418088.56,Approved,Hospital,No,23
CLM71136,POL50190,2025-06-28,223313.37,Pending,Hospital,No,37
CLM71137,POL50525,2026-03-06,183805.59,Pending,Hospital,No,32
CLM71138,POL51168,2024-03-17,265660.58,Approved,Hospital,No,8
CLM71139,POL51396,2023-10-12,1196897.7,Approved,Death,No,19
CLM71140,POL50665,2025-07-18,123591.55,Approved,Hospital,No,41
CLM71141,POL52276,2026-06-11,168792,Rejected,Other,No,30
CLM71142,POL52715,2023-09-05,792834.86,Pending,Death,No,28
CLM71143,POL50820,2021-10-25,121566.45,Approved,Other,No,8
CLM71144,POL52633,2024-03-26,176971.45,Pending,Accident,No,24
CLM71145,POL52310,2026-04-15,658217.01,Pending,Death,No,8
CLM71146,POL52505,2026-02-08,281028.4,Pending,Other,No,30
CLM71147,POL50166,2026-07-02,150048.8,Pending,Theft,No,10
CLM71148,POL52357,2026-05-22,1594433.88,Pending,Death,Yes,13
CLM71149,POL51652,2022-08-31,960936.24,Approved,Death,No,26
CLM71150,POL50104,2026-07-15,102166.06,Approved,Theft,No,2
CLM71151,POL52126,2025-06-07,242017.87,Rejected,Hospital,No,31
CLM71152,POL50682,2022-04-28,138034.15,Approved,Accident,No,20
CLM71153,POL52251,2023-05-04,338672.56,Approved,Accident,No,23
CLM71154,POL51766,2026-06-22,811194.69,Approved,Death,No,33
CLM71155,POL51384,2026-07-11,276040.55,Approved,Theft,No,34
CLM71156,POL50064,2023-03-22,450519.1,Pending,Hospital,No,41
CLM71157,POL52516,2025-07-03,104981.94,Rejected,Accident,No,8
CLM71158,POL50414,2025-09-06,714670.77,Approved,Death,No,19
CLM71159,POL52345,2023-12-20,120168.81,Approved,Hospital,No,5
CLM71160,POL51942,2022-07-02,441318.09,Approved,Other,No,12
CLM71161,POL50194,2021-09-04,176526.56,Rejected,Hospital,No,25
CLM71162,POL51529,2022-05-30,129529,Approved,Accident,No,6
CLM71163,POL52720,2026-02-02,551767.17,Approved,Theft,No,20
CLM71164,POL52609,2023-03-07,626004.99,Approved,Death,No,42
CLM71165,POL50411,2022-01-27,399999.95,Rejected,Death,No,4
CLM71166,POL50488,2022-11-08,123276.27,Approved,Hospital,No,11
CLM71167,POL50431,2022-09-09,161133.13,Rejected,Other,No,13
CLM71168,POL52134,2022-02-14,255784.33,Rejected,Accident,No,41
CLM71169,POL50452,2022-11-24,144839.5,Pending,Hospital,Yes,33
CLM71170,POL50179,2025-02-04,117696.75,Pending,Other,No,9
CLM71171,POL51099,2025-11-26,154034.38,Rejected,Other,No,31
CLM71172,POL52734,2023-07-18,484645.3,Pending,Accident,Yes,1
CLM71173,POL50870,2024-01-23,259892.22,Pending,Hospital,No,36
CLM71174,POL52044,2023-05-25,113188.25,Pending,Other,No,10
CLM71175,POL50404,2024-01-11,160572.3,Pending,Theft,Yes,32
CLM71176,POL51753,2025-02-08,220410.18,Approved,Other,No,22
CLM71177,POL51639,2025-03-02,579111.11,Rejected,Accident,No,33
CLM71178,POL52557,2026-03-28,518059.69,Approved,Death,No,16
CLM71179,POL52021,2025-01-06,436380.99,Pending,Accident,No,24
CLM71180,POL50339,2025-10-30,188149.79,Approved,Hospital,No,40
CLM71181,POL51140,2025-03-16,110979.72,Approved,Accident,No,36
CLM71182,POL50001,2025-06-28,60311.21,Approved,Other,No,24
CLM71183,POL50680,2022-02-25,487138.38,Approved,Accident,No,41
CLM71184,POL52747,2022-04-25,372276,Rejected,Theft,No,6
CLM71185,POL51282,2025-06-28,135424.68,Rejected,Theft,Yes,31
CLM71186,POL52453,2022-05-04,161884.73,Approved,Theft,Yes,28
CLM71187,POL50064,2025-07-16,90237.77,Approved,Hospital,No,12
CLM71188,POL52489,2026-03-01,219566.64,Approved,Other,No,18
CLM71189,POL52515,2025-10-09,887318.97,Approved,Death,No,18
CLM71190,POL51844,2025-04-29,414161.56,Rejected,Death,No,30
CLM71191,POL50326,2023-10-18,166169.05,Rejected,Other,No,28
CLM71192,POL52478,2023-08-23,109827.36,Rejected,Hospital,No,35
CLM71193,POL52544,2022-01-11,1189327.27,Approved,Death,No,29
CLM71194,POL50568,2024-02-12,87289.67,Approved,Other,No,44
CLM71195,POL52659,2025-05-17,213042.45,Approved,Theft,No,37
CLM71196,POL52492,2024-08-09,129857.88,Pending,Theft,No,26
CLM71197,POL50579,2022-10-13,45960.65,Approved,Other,Yes,1
CLM71198,POL51109,2024-09-18,246833.98,Rejected,Other,No,17
CLM71199,POL50947,2025-07-06,1522123.93,Rejected,Death,No,6
CLM71200,POL51401,2023-07-09,693327.92,Rejected,Death,No,20
CLM71201,POL52514,2023-05-16,286767.98,Approved,Accident,No,44
CLM71202,POL52473,2025-10-16,224089.57,Approved,Theft,No,18
CLM71203,POL50495,2024-09-22,1138696.53,Approved,Death,No,36
CLM71204,POL51554,2025-06-07,521352.71,Approved,Hospital,No,20
CLM71205,POL51505,2026-03-31,307926.15,Pending,Accident,No,26
CLM71206,POL51266,2024-11-25,752624.33,Approved,Death,No,2
CLM71207,POL52016,2022-05-13,1114713.66,Pending,Death,Yes,31
CLM71208,POL51823,2022-08-12,177443.73,Approved,Hospital,No,11
CLM71209,POL50776,2022-09-23,528275.41,Rejected,Death,Yes,21
CLM71210,POL50980,2023-11-07,276028.87,Rejected,Other,No,44
CLM71211,POL52512,2023-05-16,235106.15,Pending,Theft,No,10
CLM71212,POL50918,2024-12-10,59135.15,Approved,Other,No,41
CLM71213,POL51248,2023-10-20,177616.76,Approved,Accident,No,37
CLM71214,POL52751,2023-02-05,262900.95,Rejected,Theft,No,3
CLM71215,POL52424,2023-08-10,411777.22,Pending,Death,Yes,17
CLM71216,POL51973,2025-10-12,171570.51,Approved,Accident,No,44
CLM71217,POL50858,2021-11-05,3405508.59,Rejected,Death,Yes,20
CLM71218,POL51774,2026-06-20,762690.89,Pending,Death,No,35
CLM71219,POL51812,2023-10-13,309297.55,Rejected,Theft,No,41
CLM71220,POL51159,2022-06-28,529373.6,Rejected,Accident,No,1
CLM71221,POL50098,2025-01-31,571432.32,Rejected,Death,No,33
CLM71222,POL51032,2025-11-05,205642.56,Rejected,Theft,Yes,41
CLM71223,POL51431,2023-12-31,503894.57,Pending,Theft,Yes,26
CLM71224,POL52689,2022-01-31,314575.24,Approved,Accident,No,43
CLM71225,POL52053,2025-02-07,489504.98,Approved,Other,No,31
CLM71226,POL50302,2022-03-07,160001.27,Pending,Hospital,No,28
CLM71227,POL50850,2025-12-26,368405.35,Pending,Other,Yes,6
CLM71228,POL51470,2025-09-10,221841.81,Approved,Hospital,No,35
CLM71229,POL51268,2021-09-25,212240.67,Pending,Accident,No,38
CLM71230,POL50013,2023-04-08,247888.04,Pending,Theft,No,15
CLM71231,POL52644,2024-07-18,141869.28,Rejected,Other,No,7
CLM71232,POL52556,2023-08-05,862737.42,Pending,Death,No,26
CLM71233,POL52612,2023-12-12,280401.88,Pending,Hospital,No,42
CLM71234,POL51206,2024-02-08,364500.43,Approved,Death,No,33
CLM71235,POL52355,2026-06-22,120738.71,Pending,Theft,No,36
CLM71236,POL51999,2023-09-06,258340.47,Approved,Theft,No,25
CLM71237,POL51441,2025-07-13,1477578.64,Pending,Death,No,19
CLM71238,POL50215,2023-03-10,179333.85,Rejected,Other,No,14
CLM71239,POL50472,2022-12-19,286975.31,Approved,Accident,No,36
CLM71240,POL50671,2024-11-04,1100550.54,Approved,Death,No,29
CLM71241,POL52533,2024-09-09,355145.21,Pending,Hospital,No,33
CLM71242,POL51878,2025-09-08,441104.04,Rejected,Death,No,37
CLM71243,POL52780,2023-12-04,697608.3,Pending,Death,No,44
CLM71244,POL51597,2023-07-16,173424.49,Approved,Theft,No,37
CLM71245,POL50236,2024-01-16,275711.7,Pending,Accident,No,20
CLM71246,POL51343,2023-05-08,62685.96,Pending,Theft,No,6
CLM71247,POL50313,2024-05-07,79992.95,Pending,Other,No,25
CLM71248,POL52548,2023-07-01,148755.65,Pending,Other,No,20
CLM71249,POL50785,2025-08-08,248938.44,Rejected,Other,Yes,42
CLM71250,POL50557,2026-07-30,202743.36,Pending,Accident,No,2
CLM71251,POL51440,2024-05-01,179112.82,Rejected,Accident,No,38
CLM71252,POL52280,2023-08-04,286563.96,Approved,Hospital,No,28
CLM71253,POL51437,2025-01-17,186716.62,Approved,Hospital,No,4
CLM71254,POL50104,2022-06-04,1398064.41,Pending,Death,No,11
CLM71255,POL52096,2023-05-11,223810.13,Pending,Accident,No,3
CLM71256,POL50092,2026-05-06,103063.87,Rejected,Theft,No,41
CLM71257,POL51706,2024-08-16,305189.66,Pending,Other,No,29
CLM71258,POL51742,2022-08-30,464095.98,Rejected,Accident,No,28
CLM71259,POL50589,2025-09-27,155045.9,Approved,Accident,No,23
CLM71260,POL51255,2025-04-24,1096903.58,Approved,Death,No,18
CLM71261,POL50016,2023-12-13,152875.24,Rejected,Theft,No,8
CLM71262,POL50801,2021-11-30,340696.82,Rejected,Accident,No,33
CLM71263,POL51749,2023-01-30,161356.58,Rejected,Accident,Yes,6
CLM71264,POL50802,2022-04-13,1391748.1,Approved,Death,No,10
CLM71265,POL50131,2024-02-14,327154.52,Pending,Theft,No,43
CLM71266,POL51902,2023-07-05,155677.97,Approved,Accident,No,5
CLM71267,POL52095,2026-02-13,227574.49,Pending,Hospital,No,42
CLM71268,POL52440,2025-02-08,404078.86,Approved,Hospital,No,4
CLM71269,POL52476,2022-12-08,151529.39,Approved,Accident,No,22
CLM71270,POL51396,2023-05-12,107363.68,Pending,Other,No,26
CLM71271,POL51148,2023-02-26,1252959.67,Rejected,Death,No,5
CLM71272,POL51652,2025-10-08,203015.63,Rejected,Hospital,No,40
CLM71273,POL52238,2024-05-21,100082.03,Pending,Hospital,No,43
CLM71274,POL51336,2022-07-26,213012.56,Pending,Accident,No,10
CLM71275,POL52814,2023-06-17,2155148.69,Approved,Death,No,10
CLM71276,POL51799,2021-10-05,701278.49,Rejected,Accident,Yes,34
CLM71277,POL50870,2023-04-19,159985.68,Pending,Hospital,No,17
CLM71278,POL52241,2024-11-07,95010.22,Rejected,Other,No,2
CLM71279,POL50423,2024-08-26,715791.4,Pending,Death,Yes,34
CLM71280,POL52647,2023-06-17,369291.2,Pending,Other,No,16
CLM71281,POL50957,2021-11-08,335182.24,Approved,Hospital,Yes,18
CLM71282,POL51933,2025-05-14,1871391.09,Pending,Death,No,29
CLM71283,POL51764,2022-12-01,247145.24,Rejected,Other,No,26
CLM71284,POL50268,2022-02-03,93062.82,Rejected,Theft,No,37
CLM71285,POL52037,2022-02-22,155560.85,Approved,Accident,No,36
CLM71286,POL50879,2025-04-22,635433.98,Pending,Death,No,42
CLM71287,POL51073,2024-11-02,138652.32,Rejected,Theft,Yes,41
CLM71288,POL50269,2023-10-30,641135.78,Approved,Death,No,28
CLM71289,POL52288,2023-01-17,679537.44,Approved,Death,No,25
CLM71290,POL52433,2026-07-14,344366.36,Approved,Accident,No,21
CLM71291,POL50376,2025-02-12,235456.39,Approved,Hospital,No,30
CLM71292,POL52295,2022-11-22,404849.98,Pending,Hospital,No,3
CLM71293,POL52540,2025-10-20,283547.62,Approved,Accident,No,18
CLM71294,POL50271,2025-11-06,641787.04,Approved,Death,No,13
CLM71295,POL52820,2025-05-03,197786.43,Approved,Theft,No,25
CLM71296,POL50011,2024-04-16,422732.47,Approved,Death,No,41
CLM71297,POL52381,2023-12-19,56658.29,Rejected,Theft,No,22
CLM71298,POL51574,2022-01-20,206901.2,Rejected,Other,No,26
CLM71299,POL52708,2023-07-16,1497496.2,Approved,Death,No,18
CLM71300,POL50951,2022-05-29,259180.73,Pending,Accident,No,16
CLM71301,POL51016,2026-07-23,205574.42,Approved,Accident,No,30
CLM71302,POL52375,2024-11-11,460107.27,Rejected,Death,No,11
CLM71303,POL52005,2026-01-31,268835,Pending,Other,No,39
CLM71304,POL51693,2023-08-01,281432.49,Rejected,Hospital,No,6
CLM71305,POL51819,2026-07-29,173507.72,Rejected,Other,No,10
CLM71306,POL51926,2022-01-24,219470.02,Approved,Hospital,No,34
CLM71307,POL50131,2026-04-24,142333.3,Pending,Theft,No,4
CLM71308,POL50331,2025-06-02,515817.65,Approved,Death,No,19
CLM71309,POL50512,2023-10-14,249629.95,Rejected,Hospital,Yes,17
CLM71310,POL50499,2021-10-13,190985.68,Pending,Accident,No,42
CLM71311,POL52383,2026-06-05,728082.41,Pending,Death,No,7
CLM71312,POL51111,2022-12-16,590154.17,Rejected,Accident,No,20
CLM71313,POL51376,2024-12-08,244061.98,Approved,Accident,No,21
CLM71314,POL50249,2026-02-02,52798.31,Approved,Theft,No,37
CLM71315,POL52462,2025-11-09,191278.73,Approved,Accident,No,24
CLM71316,POL50026,2023-11-03,133339.92,Approved,Hospital,No,6
CLM71317,POL50232,2022-04-03,167896.38,Approved,Theft,No,39
CLM71318,POL52294,2022-08-19,122638.96,Approved,Accident,No,7
CLM71319,POL50366,2022-12-23,1117903.77,Pending,Death,No,31
CLM71320,POL52240,2023-03-10,155232.44,Approved,Theft,No,13
CLM71321,POL50986,2024-03-30,118247.4,Pending,Other,No,6
CLM71322,POL52190,2025-12-11,161651.8,Rejected,Other,No,9
CLM71323,POL50138,2022-11-22,211727.3,Approved,Hospital,No,42
CLM71324,POL50960,2025-09-01,233715.81,Rejected,Accident,No,43
CLM71325,POL51352,2023-07-18,134094.12,Approved,Other,No,27
CLM71326,POL51765,2024-01-15,178180.97,Pending,Theft,No,36
CLM71327,POL52363,2025-06-23,1068469.79,Pending,Death,No,40
CLM71328,POL50689,2023-11-10,245332.07,Pending,Hospital,No,16
CLM71329,POL51860,2025-05-29,439176.2,Approved,Accident,No,34
CLM71330,POL50426,2025-07-25,114124.56,Rejected,Other,No,23
CLM71331,POL52245,2023-01-21,202759.35,Pending,Theft,No,8
CLM71332,POL52639,2025-01-11,747458.35,Approved,Hospital,No,24
CLM71333,POL50130,2024-09-11,146959.71,Pending,Other,No,3
CLM71334,POL50223,2026-03-23,179803.93,Approved,Theft,No,27
CLM71335,POL52223,2025-01-24,116971.98,Approved,Hospital,No,12
CLM71336,POL52489,2023-01-14,630043.91,Pending,Death,No,5
CLM71337,POL51829,2023-09-16,853385.78,Pending,Death,No,32
CLM71338,POL51297,2021-10-07,326420.93,Rejected,Accident,No,16
CLM71339,POL52169,2023-09-29,304359.37,Approved,Hospital,No,20
CLM71340,POL50845,2022-04-28,176579.69,Approved,Other,No,4
CLM71341,POL52804,2023-01-03,1345396.13,Approved,Death,No,4
CLM71342,POL52398,2024-09-01,109211.39,Pending,Theft,No,41
CLM71343,POL52508,2026-07-21,1149236.49,Rejected,Death,No,27
CLM71344,POL52417,2023-04-07,906028.97,Rejected,Death,No,18
CLM71345,POL52638,2022-10-12,266109.71,Approved,Accident,No,30
CLM71346,POL50179,2021-10-06,750872.12,Approved,Death,No,32
CLM71347,POL52570,2023-04-19,93141.53,Approved,Other,No,6
CLM71348,POL50701,2021-12-28,81700.39,Rejected,Other,No,41
CLM71349,POL51012,2023-02-10,211302.92,Pending,Theft,No,29
CLM71350,POL51043,2025-03-26,1154382.21,Approved,Death,No,14
CLM71351,POL50656,2025-10-22,234317.21,Pending,Accident,No,12
CLM71352,POL51232,2024-08-12,218376.53,Rejected,Hospital,No,4
CLM71353,POL51423,2024-11-05,153472.62,Rejected,Hospital,No,12
CLM71354,POL50418,2023-04-26,321498.15,Pending,Accident,No,15
CLM71355,POL51013,2023-08-14,185539.84,Approved,Theft,Yes,10
CLM71356,POL50979,2026-04-28,149927.21,Approved,Theft,No,30
CLM71357,POL51903,2021-09-25,339226.91,Approved,Hospital,No,12
CLM71358,POL51638,2023-05-18,303729.43,Pending,Hospital,No,22
CLM71359,POL52020,2023-05-28,69595.56,Approved,Other,No,25
CLM71360,POL52213,2023-11-23,153731.95,Rejected,Other,No,4
CLM71361,POL51883,2023-12-25,92899.39,Rejected,Other,No,8
CLM71362,POL50680,2025-05-21,193005.3,Pending,Theft,Yes,4
CLM71363,POL51412,2022-09-22,186134.9,Approved,Death,No,31
CLM71364,POL51312,2025-02-28,993234.51,Pending,Death,No,31
CLM71365,POL50207,2025-01-14,214139.4,Pending,Other,No,6
CLM71366,POL52530,2022-12-14,141916.6,Approved,Other,No,33
CLM71367,POL50255,2021-10-31,502721.08,Approved,Death,No,36
CLM71368,POL52761,2025-12-08,585117.51,Rejected,Hospital,No,5
CLM71369,POL50086,2026-07-07,1604191.27,Approved,Death,No,6
CLM71370,POL52059,2024-10-30,191699.73,Pending,Accident,No,35
CLM71371,POL50811,2024-06-24,131646.91,Pending,Other,No,14
CLM71372,POL52558,2023-05-26,334246.7,Approved,Death,No,16
CLM71373,POL52328,2022-09-17,278753.5,Pending,Hospital,No,26
CLM71374,POL50068,2026-08-07,75642.32,Pending,Other,No,4
CLM71375,POL50059,2023-07-09,209310.34,Pending,Other,No,20
CLM71376,POL51702,2023-02-18,250536.91,Pending,Other,Yes,15
CLM71377,POL50420,2023-04-02,212405.18,Approved,Hospital,No,37
CLM71378,POL50036,2025-01-17,129205.05,Rejected,Hospital,No,33
CLM71379,POL52737,2021-10-27,410812.09,Rejected,Hospital,No,13
CLM71380,POL51786,2024-10-18,250271.33,Pending,Accident,No,29
CLM71381,POL50027,2022-07-04,230497.55,Pending,Hospital,Yes,18
CLM71382,POL51379,2023-06-07,564888.21,Approved,Death,No,22
CLM71383,POL50443,2023-10-31,991205.35,Rejected,Death,No,33
CLM71384,POL52275,2026-08-27,162633.72,Pending,Theft,Yes,13
CLM71385,POL50078,2021-10-15,463196.26,Pending,Death,No,26
CLM71386,POL51044,2026-07-17,1758806.8,Pending,Death,Yes,19
CLM71387,POL50671,2024-06-15,602461.32,Rejected,Accident,No,29
CLM71388,POL52773,2024-02-16,299483.11,Rejected,Theft,No,17
CLM71389,POL50217,2022-11-05,277931.16,Approved,Theft,No,42
CLM71390,POL52031,2026-04-12,531753.28,Approved,Hospital,Yes,18
CLM71391,POL51343,2022-05-01,533066.34,Pending,Death,Yes,5
CLM71392,POL52307,2024-09-16,129525.25,Rejected,Hospital,No,22
CLM71393,POL50605,2025-12-03,146314.7,Approved,Theft,No,11
CLM71394,POL52418,2022-02-27,290147.12,Pending,Accident,No,21
CLM71395,POL52689,2022-10-06,215972.05,Approved,Accident,No,41
CLM71396,POL50602,2026-08-20,108089.62,Approved,Theft,No,5
CLM71397,POL50685,2024-07-11,902548.95,Approved,Death,No,2
CLM71398,POL52725,2022-07-26,171703.13,Rejected,Theft,No,13
CLM71399,POL51221,2022-06-20,228445.4,Rejected,Other,Yes,20
CLM71400,POL52360,2025-07-24,224954.39,Pending,Hospital,No,6
CLM71401,POL52381,2025-05-06,96465.01,Rejected,Accident,No,31
CLM71402,POL50876,2023-09-05,266763.26,Approved,Hospital,No,27
CLM71403,POL50505,2023-09-19,396965.57,Approved,Theft,No,31
CLM71404,POL51032,2025-06-06,152185.31,Pending,Other,No,19
CLM71405,POL51669,2023-10-07,409501.36,Approved,Accident,No,41
