feedback_id,customer_id,date_submitted,feedback_text,satisfaction_score,contacted_agent,referred_claim
FDB80000,CUST11173,2025-06-21,Had to wait too long for claim approval.,1,Yes,No
FDB80001,CUST10158,2024-08-19,Need more clarity on policy coverage.,2,No,No
FDB80002,CUST10351,2024-10-06,The mobile app experience was intuitive.,4,No,No
FDB80005,CUST10847,2026-07-22,Excellent customer service support.,4,No,No
FDB80006,CUST11210,2025-12-16,Frustrated with repeated documentation requests.,2,No,Yes
FDB80009,CUST11581,2024-11-06,The agent was helpful and explained everything.,4,No,Yes
FDB80012,CUST10192,2025-01-24,Excellent customer service support.,4,Yes,No
FDB80013,CUST11249,2026-02-25,Excellent customer service support.,4,No,Yes
FDB80017,CUST10277,2024-07-16,Smooth experience with no issues.,4,Yes,No
FDB80019,CUST11086,2024-09-04,Need more clarity on policy coverage.,2,Yes,No
FDB80020,CUST10130,2025-01-24,Had to wait too long for claim approval.,1,Yes,No
FDB80021,CUST11082,2024-03-10,The agent was helpful and explained everything.,4,Yes,No
FDB80022,CUST11406,2026-05-25,Smooth experience with no issues.,5,No,No
FDB80023,CUST11507,2024-10-28,The mobile app experience was intuitive.,4,No,Yes
FDB80026,CUST10186,2024-11-26,Very satisfied with the claim process.,5,Yes,No
FDB80027,CUST11352,2025-08-01,Had to wait too long for claim approval.,1,Yes,No
FDB80028,CUST10192,2025-07-13,Claim process could be faster.,2,Yes,No
FDB80031,CUST11113,2026-09-02,Had to wait too long for claim approval.,2,No,Yes
FDB80033,CUST10341,2025-11-14,Frustrated with repeated documentation requests.,2,No,No
FDB80034,CUST11436,2026-07-06,Need more clarity on policy coverage.,2,No,No
FDB80036,CUST10990,2024-06-03,I'm not happy with the premium charged.,2,No,Yes
FDB80037,CUST11396,2025-05-19,The mobile app experience was intuitive.,4,Yes,No
FDB80038,CUST11486,2025-02-02,Need more clarity on policy coverage.,2,Yes,Yes
FDB80039,CUST11100,2023-12-12,Need more clarity on policy coverage.,2,No,No
FDB80040,CUST10753,2024-10-13,Excellent customer service support.,5,No,Yes
FDB80041,CUST10438,2025-11-26,Very satisfied with the claim process.,4,No,No
FDB80042,CUST10508,2026-04-29,I'm not happy with the premium charged.,2,Yes,No
FDB80043,CUST11331,2025-08-20,The mobile app experience was intuitive.,4,Yes,Yes
FDB80044,CUST10769,2025-05-01,I'm not happy with the premium charged.,2,No,No
FDB80045,CUST10164,2026-04-07,I'm not happy with the premium charged.,2,No,No
FDB80047,CUST10456,2024-02-27,The agent was helpful and explained everything.,4,No,No
FDB80049,CUST11572,2026-04-19,Very satisfied with the claim process.,5,No,No
FDB80050,CUST11154,2024-03-14,Very satisfied with the claim process.,5,Yes,Yes
FDB80051,CUST11258,2026-06-27,I'm not happy with the premium charged.,2,No,No
FDB80052,CUST11441,2026-06-09,I'm not happy with the premium charged.,2,No,Yes
FDB80054,CUST10197,2024-07-21,Frustrated with repeated documentation requests.,2,Yes,Yes
FDB80056,CUST11230,2024-04-17,Claim process could be faster.,2,Yes,Yes
FDB80057,CUST10580,2025-01-21,Excellent customer service support.,5,Yes,Yes
FDB80058,CUST10748,2024-05-29,The mobile app experience was intuitive.,4,No,No
FDB80060,CUST10650,2026-08-23,Frustrated with repeated documentation requests.,2,Yes,No
FDB80061,CUST11602,2026-01-24,Had to wait too long for claim approval.,2,No,No
FDB80062,CUST11156,2026-08-05,Claim process could be faster.,3,Yes,No
FDB80065,CUST10762,2025-06-26,Frustrated with repeated documentation requests.,2,No,No
FDB80067,CUST10577,2026-06-08,Very satisfied with the claim process.,5,No,Yes
FDB80069,CUST10091,2025-01-22,Need more clarity on policy coverage.,2,No,Yes
FDB80070,CUST10285,2026-07-24,Excellent customer service support.,4,Yes,No
FDB80071,CUST11123,2023-09-11,The agent was helpful and explained everything.,4,No,No
FDB80072,CUST11123,2023-10-09,Need more clarity on policy coverage.,2,No,No
FDB80073,CUST11529,2025-09-14,Claim process could be faster.,2,Yes,No
FDB80074,CUST10631,2026-04-11,The mobile app experience was intuitive.,4,Yes,No
FDB80075,CUST10437,2026-08-30,Claim process could be faster.,2,Yes,Yes
FDB80076,CUST10861,2026-04-05,Smooth experience with no issues.,5,No,No
FDB80077,CUST10794,2023-11-20,Very satisfied with the claim process.,4,Yes,Yes
FDB80078,CUST10230,2024-12-04,Very satisfied with the claim process.,5,No,Yes
FDB80079,CUST11178,2024-06-14,Need more clarity on policy coverage.,2,Yes,No
FDB80080,CUST11610,2025-10-27,Claim process could be faster.,2,No,Yes
FDB80082,CUST11089,2026-01-02,Had to wait too long for claim approval.,1,Yes,No
FDB80084,CUST10497,2025-04-11,Claim process could be faster.,2,Yes,No
FDB80085,CUST11482,2023-09-29,Frustrated with repeated documentation requests.,2,No,No
FDB80086,CUST10827,2025-02-11,Excellent customer service support.,5,No,Yes
FDB80087,CUST10169,2025-11-07,Claim process could be faster.,2,Yes,Yes
FDB80088,CUST10416,2024-07-21,Very satisfied with the claim process.,5,Yes,No
FDB80089,CUST10218,2024-11-13,Excellent customer service support.,5,No,No
FDB80091,CUST11472,2025-12-24,The agent was helpful and explained everything.,5,Yes,Yes
FDB80092,CUST10575,2024-10-06,The agent was helpful and explained everything.,4,Yes,No
FDB80093,CUST11027,2025-10-28,Had to wait too long for claim approval.,1,No,No
FDB80095,CUST10686,2025-08-15,The mobile app experience was intuitive.,4,No,Yes
FDB80099,CUST10346,2024-06-17,The agent was helpful and explained everything.,5,No,No
FDB80100,CUST10037,2026-02-24,I'm not happy with the premium charged.,2,No,No
FDB80101,CUST10772,2025-12-07,The mobile app experience was intuitive.,4,No,No
FDB80102,CUST11640,2024-01-04,Very satisfied with the claim process.,5,No,Yes
FDB80103,CUST10995,2024-03-07,Smooth experience with no issues.,4,Yes,No
FDB80105,CUST11551,2024-09-10,Need more clarity on policy coverage.,2,No,No
FDB80107,CUST10523,2026-01-22,Very satisfied with the claim process.,5,Yes,No
FDB80108,CUST10528,2024-04-21,Smooth experience with no issues.,5,Yes,No
FDB80109,CUST10550,2023-12-19,Had to wait too long for claim approval.,1,No,Yes
FDB80110,CUST11435,2025-08-07,Excellent customer service support.,4,Yes,No
FDB80112,CUST11588,2026-05-16,Need more clarity on policy coverage.,2,Yes,No
FDB80113,CUST10096,2025-02-23,The mobile app experience was intuitive.,4,Yes,Yes
FDB80114,CUST11320,2024-05-29,Had to wait too long for claim approval.,1,No,Yes
FDB80115,CUST11137,2024-06-14,Had to wait too long for claim approval.,2,Yes,No
FDB80116,CUST10326,2024-07-23,Excellent customer service support.,5,No,Yes
FDB80118,CUST10147,2026-01-13,Frustrated with repeated documentation requests.,2,No,No
FDB80119,CUST11440,2025-10-09,Very satisfied with the claim process.,5,No,No
FDB80120,CUST10074,2025-05-18,Excellent customer service support.,4,Yes,Yes
FDB80122,CUST10994,2025-12-16,Excellent customer service support.,4,Yes,Yes
FDB80127,CUST10178,2024-10-05,I'm not happy with the premium charged.,2,No,No
FDB80128,CUST10514,2024-07-19,Had to wait too long for claim approval.,1,Yes,Yes
FDB80129,CUST11404,2026-07-05,Had to wait too long for claim approval.,2,Yes,Yes
FDB80130,CUST11253,2024-02-24,Frustrated with repeated documentation requests.,2,No,Yes
FDB80131,CUST10135,2025-07-29,Excellent customer service support.,4,Yes,No
FDB80132,CUST10383,2025-02-05,Need more clarity on policy coverage.,2,Yes,No
FDB80135,CUST11201,2025-11-27,The mobile app experience was intuitive.,4,No,No
FDB80136,CUST10533,2025-10-04,Very satisfied with the claim process.,5,No,No
FDB80137,CUST11324,2024-02-11,Need more clarity on policy coverage.,2,Yes,No
FDB80138,CUST10357,2024-07-20,Need more clarity on policy coverage.,2,No,Yes
FDB80139,CUST10680,2024-10-29,The agent was helpful and explained everything.,4,Yes,Yes
FDB80140,CUST10991,2025-08-01,Frustrated with repeated documentation requests.,2,Yes,Yes
FDB80143,CUST10169,2024-08-01,Frustrated with repeated documentation requests.,2,Yes,No
FDB80145,CUST10374,2024-06-14,I'm not happy with the premium charged.,2,No,Yes
FDB80146,CUST10249,2025-11-02,The mobile app experience was intuitive.,4,No,Yes
FDB80147,CUST11121,2025-11-29,The agent was helpful and explained everything.,4,Yes,No
FDB80148,CUST11114,2026-08-30,Very satisfied with the claim process.,5,Yes,No
FDB80149,CUST10770,2024-11-21,I'm not happy with the premium charged.,2,Yes,Yes
FDB80151,CUST10788,2024-03-08,Had to wait too long for claim approval.,1,No,Yes
FDB80152,CUST10056,2024-09-15,Frustrated with repeated documentation requests.,2,Yes,Yes
FDB80153,CUST10324,2024-02-21,Smooth experience with no issues.,5,No,No
FDB80154,CUST11221,2026-03-26,I'm not happy with the premium charged.,2,No,Yes
FDB80155,CUST10193,2024-08-13,Claim process could be faster.,2,No,Yes
FDB80156,CUST11525,2024-10-18,Smooth experience with no issues.,4,No,No
FDB80157,CUST10790,2026-04-09,Had to wait too long for claim approval.,1,No,No
FDB80158,CUST11080,2025-02-16,The mobile app experience was intuitive.,4,Yes,Yes
FDB80160,CUST10317,2025-04-01,Had to wait too long for claim approval.,1,No,Yes
FDB80162,CUST11450,2026-05-14,Had to wait too long for claim approval.,1,Yes,No
FDB80168,CUST11221,2024-07-05,The mobile app experience was intuitive.,4,Yes,No
FDB80170,CUST10141,2026-01-16,Smooth experience with no issues.,4,No,No
FDB80171,CUST10185,2025-08-16,The agent was helpful and explained everything.,4,Yes,No
FDB80172,CUST10331,2024-09-28,Smooth experience with no issues.,4,No,No
FDB80177,CUST11345,2026-03-18,Need more clarity on policy coverage.,2,Yes,No
FDB80178,CUST10479,2026-01-09,The mobile app experience was intuitive.,4,Yes,No
FDB80180,CUST10814,2024-05-11,Claim process could be faster.,2,Yes,No
FDB80181,CUST10273,2024-04-12,Need more clarity on policy coverage.,2,Yes,No
FDB80182,CUST10275,2025-09-01,Claim process could be faster.,3,Yes,No
FDB80183,CUST11225,2024-11-13,Frustrated with repeated documentation requests.,2,No,No
FDB80184,CUST11183,2023-12-21,Need more clarity on policy coverage.,2,Yes,Yes
FDB80185,CUST10734,2024-08-30,I'm not happy with the premium charged.,2,Yes,No
FDB80186,CUST10565,2023-11-16,Very satisfied with the claim process.,5,No,No
FDB80187,CUST11224,2025-05-02,Claim process could be faster.,2,Yes,Yes
FDB80189,CUST10790,2025-11-24,Frustrated with repeated documentation requests.,2,Yes,No
FDB80191,CUST10531,2026-08-02,Smooth experience with no issues.,5,Yes,No
FDB80192,CUST10950,2023-11-04,Smooth experience with no issues.,4,Yes,Yes
FDB80194,CUST10527,2024-06-01,Smooth experience with no issues.,5,No,No
FDB80195,CUST10082,2024-06-10,Claim process could be faster.,2,Yes,No
FDB80199,CUST10058,2024-05-29,Excellent customer service support.,5,No,No
FDB80200,CUST10734,2025-09-28,Frustrated with repeated documentation requests.,2,Yes,No
FDB80201,CUST11461,2025-01-15,Claim process could be faster.,3,Yes,Yes
FDB80203,CUST11118,2025-07-02,Frustrated with repeated documentation requests.,2,Yes,No
FDB80204,CUST10142,2025-04-30,Claim process could be faster.,2,Yes,No
FDB80205,CUST11318,2023-12-13,Smooth experience with no issues.,5,Yes,No
FDB80207,CUST10643,2026-03-02,Claim process could be faster.,2,No,No
FDB80210,CUST10549,2025-03-29,Had to wait too long for claim approval.,1,No,No
FDB80211,CUST11192,2023-11-09,I'm not happy with the premium charged.,2,No,Yes
FDB80212,CUST10413,2024-05-10,The mobile app experience was intuitive.,4,No,No
FDB80213,CUST11462,2025-06-06,Claim process could be faster.,3,No,No
FDB80215,CUST10802,2025-01-24,Smooth experience with no issues.,5,Yes,Yes
FDB80216,CUST10298,2025-04-14,Had to wait too long for claim approval.,1,Yes,No
FDB80217,CUST10149,2026-01-07,Smooth experience with no issues.,4,No,Yes
FDB80218,CUST10448,2024-08-18,Frustrated with repeated documentation requests.,2,No,Yes
FDB80220,CUST11288,2024-04-06,Frustrated with repeated documentation requests.,2,Yes,Yes
FDB80221,CUST11084,2024-01-09,Frustrated with repeated documentation requests.,2,Yes,No
FDB80224,CUST10110,2025-04-20,Had to wait too long for claim approval.,2,Yes,No
FDB80225,CUST11468,2024-04-26,The mobile app experience was intuitive.,4,Yes,No
FDB80227,CUST10126,2025-05-19,I'm not happy with the premium charged.,2,No,Yes
FDB80233,CUST10930,2024-04-04,Need more clarity on policy coverage.,2,No,Yes
FDB80234,CUST10071,2026-02-03,I'm not happy with the premium charged.,2,No,No
FDB80238,CUST11448,2025-12-08,Smooth experience with no issues.,4,Yes,Yes
FDB80240,CUST11137,2025-02-24,The agent was helpful and explained everything.,4,Yes,No
FDB80243,CUST10500,2025-03-20,Excellent customer service support.,5,No,No
FDB80244,CUST10335,2026-07-12,The mobile app experience was intuitive.,4,No,No
FDB80245,CUST11346,2024-07-28,Need more clarity on policy coverage.,2,Yes,No
FDB80246,CUST10117,2026-04-11,The agent was helpful and explained everything.,4,Yes,Yes
FDB80247,CUST10076,2024-06-02,I'm not happy with the premium charged.,2,Yes,No
FDB80248,CUST10911,2024-07-01,Very satisfied with the claim process.,5,No,No
FDB80250,CUST10675,2024-08-07,Had to wait too long for claim approval.,2,No,Yes
FDB80251,CUST10424,2024-12-29,Need more clarity on policy coverage.,2,No,No
FDB80253,CUST10188,2026-07-06,Claim process could be faster.,2,Yes,No
FDB80254,CUST11027,2025-02-19,Very satisfied with the claim process.,5,Yes,No
FDB80256,CUST10735,2026-08-06,Need more clarity on policy coverage.,2,Yes,No
FDB80257,CUST11499,2025-01-31,The mobile app experience was intuitive.,4,Yes,No
FDB80259,CUST10360,2023-11-14,The agent was helpful and explained everything.,4,No,No
FDB80260,CUST11471,2024-12-20,The mobile app experience was intuitive.,4,No,No
FDB80261,CUST11146,2024-08-02,Had to wait too long for claim approval.,1,No,No
FDB80263,CUST10891,2025-01-01,Frustrated with repeated documentation requests.,2,Yes,Yes
FDB80264,CUST10821,2025-08-03,Need more clarity on policy coverage.,2,No,No
FDB80266,CUST10558,2024-03-22,Had to wait too long for claim approval.,1,No,No
FDB80267,CUST11213,2026-01-04,Excellent customer service support.,4,Yes,No
FDB80269,CUST10306,2024-04-24,Need more clarity on policy coverage.,2,No,No
FDB80270,CUST11053,2025-03-06,Frustrated with repeated documentation requests.,2,Yes,Yes
FDB80271,CUST10406,2024-08-19,Claim process could be faster.,3,Yes,No
FDB80273,CUST10591,2023-12-25,Excellent customer service support.,5,No,No
FDB80274,CUST11613,2024-07-28,Had to wait too long for claim approval.,1,No,No
FDB80275,CUST11639,2025-07-03,Need more clarity on policy coverage.,2,Yes,Yes
FDB80277,CUST11191,2024-02-20,Smooth experience with no issues.,5,No,Yes
FDB80278,CUST10431,2024-02-22,Need more clarity on policy coverage.,2,No,No
FDB80279,CUST10683,2025-12-21,Need more clarity on policy coverage.,2,No,No
FDB80280,CUST10957,2026-01-12,Smooth experience with no issues.,5,No,No
FDB80281,CUST10541,2026-03-26,I'm not happy with the premium charged.,2,Yes,Yes
FDB80283,CUST11540,2024-02-23,Smooth experience with no issues.,4,No,No
FDB80284,CUST11425,2026-07-18,The mobile app experience was intuitive.,4,Yes,No
FDB80285,CUST10521,2026-08-14,The mobile app experience was intuitive.,4,No,Yes
FDB80287,CUST10119,2026-01-15,Very satisfied with the claim process.,4,Yes,Yes
FDB80288,CUST11493,2026-01-05,Very satisfied with the claim process.,5,Yes,No
FDB80290,CUST10401,2026-06-22,Frustrated with repeated documentation requests.,2,Yes,No
FDB80291,CUST11180,2025-02-02,I'm not happy with the premium charged.,2,Yes,Yes
FDB80292,CUST10149,2026-03-30,Had to wait too long for claim approval.,2,No,No
FDB80294,CUST10160,2024-02-09,Claim process could be faster.,2,No,Yes
FDB80295,CUST10434,2024-09-03,Need more clarity on policy coverage.,2,Yes,Yes
FDB80297,CUST10876,2025-11-28,Frustrated with repeated documentation requests.,2,No,Yes
FDB80298,CUST10493,2025-01-08,Frustrated with repeated documentation requests.,2,No,No
FDB80299,CUST10653,2024-12-13,Excellent customer service support.,4,No,Yes
FDB80300,CUST10726,2024-11-08,Excellent customer service support.,5,Yes,No
FDB80302,CUST10057,2025-12-17,Frustrated with repeated documentation requests.,2,Yes,No
FDB80303,CUST10678,2024-11-19,Need more clarity on policy coverage.,2,No,No
FDB80304,CUST11620,2026-07-31,Claim process could be faster.,2,Yes,No
FDB80306,CUST10309,2026-02-02,Had to wait too long for claim approval.,1,Yes,No
FDB80307,CUST11090,2026-08-07,Need more clarity on policy coverage.,2,No,No
FDB80308,CUST10457,2025-12-22,I'm not happy with the premium charged.,2,Yes,No
FDB80309,CUST10291,2023-09-25,Claim process could be faster.,2,Yes,No
FDB80310,CUST10324,2025-10-14,The agent was helpful and explained everything.,5,No,No
FDB80313,CUST11280,2024-07-23,The agent was helpful and explained everything.,5,Yes,No
FDB80314,CUST10826,2024-10-17,Excellent customer service support.,5,No,No
FDB80316,CUST10406,2026-01-17,Had to wait too long for claim approval.,1,Yes,No
FDB80317,CUST11541,2024-08-25,Had to wait too long for claim approval.,1,No,Yes
FDB80319,CUST10879,2024-04-09,Claim process could be faster.,3,Yes,Yes
FDB80320,CUST11293,2024-04-26,Smooth experience with no issues.,5,Yes,No
FDB80321,CUST10538,2025-03-08,Frustrated with repeated documentation requests.,2,Yes,No
FDB80322,CUST10477,2026-03-30,Frustrated with repeated documentation requests.,2,Yes,No
FDB80323,CUST10839,2023-12-30,Had to wait too long for claim approval.,2,Yes,No
FDB80324,CUST11427,2024-05-27,Frustrated with repeated documentation requests.,2,Yes,No
FDB80327,CUST11152,2025-11-02,The mobile app experience was intuitive.,4,Yes,No
FDB80328,CUST11021,2025-01-30,Frustrated with repeated documentation requests.,2,No,No
FDB80329,CUST10165,2026-08-03,The mobile app experience was intuitive.,4,Yes,No
FDB80330,CUST11330,2023-10-24,Excellent customer service support.,5,No,No
FDB80331,CUST10916,2025-08-26,Had to wait too long for claim approval.,2,Yes,Yes
FDB80333,CUST10319,2026-05-27,The agent was helpful and explained everything.,5,Yes,No
FDB80334,CUST11254,2025-02-18,Excellent customer service support.,4,No,No
FDB80335,CUST11370,2024-07-07,Had to wait too long for claim approval.,2,Yes,No
FDB80336,CUST11088,2025-06-29,Had to wait too long for claim approval.,1,No,Yes
FDB80339,CUST11280,2025-08-05,Excellent customer service support.,5,Yes,No
FDB80342,CUST10214,2026-06-12,The mobile app experience was intuitive.,4,Yes,No
FDB80344,CUST10532,2024-01-29,Claim process could be faster.,3,Yes,No
FDB80346,CUST10276,2024-08-24,Had to wait too long for claim approval.,1,Yes,No
FDB80347,CUST11230,2025-12-31,Claim process could be faster.,2,No,No
FDB80348,CUST11177,2024-11-30,The agent was helpful and explained everything.,4,Yes,Yes
FDB80349,CUST10338,2024-02-17,Frustrated with repeated documentation requests.,2,No,No
FDB80350,CUST10504,2024-02-15,Very satisfied with the claim process.,5,Yes,No
FDB80351,CUST11259,2024-07-27,Very satisfied with the claim process.,5,No,Yes
FDB80352,CUST10932,2024-04-10,Excellent customer service support.,4,No,Yes
FDB80353,CUST10016,2023-12-09,Frustrated with repeated documentation requests.,2,No,No
FDB80354,CUST11450,2024-05-29,Excellent customer service support.,5,Yes,No
FDB80355,CUST10985,2025-05-23,Had to wait too long for claim approval.,2,Yes,No
FDB80356,CUST11527,2025-12-18,The mobile app experience was intuitive.,4,Yes,No
FDB80357,CUST10901,2024-06-15,I'm not happy with the premium charged.,2,Yes,Yes
FDB80358,CUST11056,2025-04-08,Need more clarity on policy coverage.,2,No,No
FDB80361,CUST10299,2025-12-28,Very satisfied with the claim process.,5,Yes,No
FDB80363,CUST11045,2026-01-12,Smooth experience with no issues.,4,Yes,Yes
FDB80366,CUST10319,2026-03-27,Excellent customer service support.,5,Yes,Yes
FDB80367,CUST10336,2026-05-22,The mobile app experience was intuitive.,4,No,Yes
FDB80369,CUST11011,2026-04-30,Frustrated with repeated documentation requests.,2,Yes,No
FDB80372,CUST10659,2025-01-21,The agent was helpful and explained everything.,5,Yes,Yes
FDB80373,CUST10189,2024-09-02,Very satisfied with the claim process.,5,No,No
FDB80376,CUST10756,2024-06-09,Claim process could be faster.,3,No,No
FDB80377,CUST10356,2025-12-01,Smooth experience with no issues.,5,No,No
FDB80378,CUST10998,2023-09-29,Smooth experience with no issues.,4,No,Yes
FDB80380,CUST10923,2024-11-27,Claim process could be faster.,3,Yes,No
FDB80381,CUST10582,2024-11-11,Excellent customer service support.,5,No,No
FDB80382,CUST11391,2025-02-18,The mobile app experience was intuitive.,4,Yes,No
FDB80383,CUST11154,2023-10-26,Smooth experience with no issues.,4,Yes,No
FDB80385,CUST10644,2026-05-31,I'm not happy with the premium charged.,2,No,No
FDB80388,CUST10779,2024-12-26,The agent was helpful and explained everything.,4,No,No
FDB80389,CUST11200,2023-10-09,Very satisfied with the claim process.,4,Yes,No
FDB80390,CUST10960,2025-03-09,The mobile app experience was intuitive.,4,Yes,Yes
FDB80391,CUST10413,2026-01-25,Frustrated with repeated documentation requests.,2,Yes,No
FDB80394,CUST10326,2025-05-25,Frustrated with repeated documentation requests.,2,Yes,No
FDB80395,CUST11359,2025-07-30,Smooth experience with no issues.,4,Yes,No
FDB80398,CUST11565,2026-08-06,The mobile app experience was intuitive.,4,No,No
FDB80399,CUST10511,2026-01-06,The mobile app experience was intuitive.,4,Yes,Yes
FDB80400,CUST10569,2025-04-08,The agent was helpful and explained everything.,4,No,Yes
FDB80401,CUST10669,2026-01-26,Had to wait too long for claim approval.,1,No,No
FDB80402,CUST10555,2026-03-19,Frustrated with repeated documentation requests.,2,No,Yes
FDB80404,CUST10582,2026-06-11,Excellent customer service support.,5,No,Yes
FDB80406,CUST10436,2026-08-27,I'm not happy with the premium charged.,2,Yes,No
FDB80407,CUST11498,2025-12-06,Claim process could be faster.,2,No,No
FDB80408,CUST11071,2025-12-22,Smooth experience with no issues.,4,Yes,No
FDB80409,CUST10604,2024-12-19,Need more clarity on policy coverage.,2,Yes,No
FDB80410,CUST11392,2024-07-03,I'm not happy with the premium charged.,2,Yes,Yes
FDB80413,CUST10099,2025-11-21,Need more clarity on policy coverage.,2,Yes,No
FDB80415,CUST11310,2023-11-23,Claim process could be faster.,2,Yes,No
FDB80416,CUST10096,2025-08-14,The agent was helpful and explained everything.,5,Yes,No
FDB80417,CUST10355,2024-09-10,The agent was helpful and explained everything.,4,Yes,No
FDB80418,CUST10914,2025-04-04,Frustrated with repeated documentation requests.,2,Yes,No
FDB80420,CUST10017,2026-02-18,Smooth experience with no issues.,4,Yes,Yes
FDB80421,CUST11304,2024-12-20,Had to wait too long for claim approval.,2,Yes,No
FDB80425,CUST10755,2026-02-27,Need more clarity on policy coverage.,2,No,No
FDB80426,CUST10361,2023-09-24,The mobile app experience was intuitive.,4,No,Yes
FDB80428,CUST11054,2024-12-15,Very satisfied with the claim process.,5,Yes,No
FDB80430,CUST10632,2024-05-05,Smooth experience with no issues.,5,No,No
FDB80431,CUST10472,2025-09-12,Smooth experience with no issues.,4,No,Yes
FDB80432,CUST11193,2024-08-26,I'm not happy with the premium charged.,2,No,No
FDB80433,CUST11171,2025-01-17,The mobile app experience was intuitive.,4,No,No
FDB80434,CUST11021,2025-09-02,Smooth experience with no issues.,5,Yes,No
FDB80436,CUST10984,2025-05-25,Claim process could be faster.,3,No,No
FDB80439,CUST10182,2026-04-11,Need more clarity on policy coverage.,2,Yes,No
FDB80440,CUST10115,2024-02-18,Frustrated with repeated documentation requests.,2,No,Yes
FDB80443,CUST11224,2024-03-21,Claim process could be faster.,3,Yes,Yes
FDB80444,CUST11330,2023-10-02,Very satisfied with the claim process.,5,Yes,No
FDB80445,CUST10209,2025-06-24,The agent was helpful and explained everything.,4,Yes,No
FDB80447,CUST11198,2026-01-05,The mobile app experience was intuitive.,4,No,Yes
FDB80448,CUST10298,2025-04-17,Had to wait too long for claim approval.,2,Yes,No
FDB80449,CUST10062,2026-07-16,Smooth experience with no issues.,5,Yes,No
FDB80450,CUST10381,2024-08-27,Very satisfied with the claim process.,5,Yes,No
FDB80451,CUST10718,2024-08-14,Very satisfied with the claim process.,5,Yes,No
FDB80453,CUST11430,2024-04-19,Had to wait too long for claim approval.,2,No,No
FDB80455,CUST11293,2024-12-12,Frustrated with repeated documentation requests.,2,No,Yes
FDB80456,CUST10528,2024-06-27,Smooth experience with no issues.,4,No,No
FDB80461,CUST10230,2026-05-16,Very satisfied with the claim process.,5,No,No
FDB80462,CUST10747,2024-12-28,The mobile app experience was intuitive.,4,No,Yes
FDB80463,CUST10588,2026-03-06,Claim process could be faster.,2,No,No
FDB80465,CUST10332,2025-01-02,I'm not happy with the premium charged.,2,No,No
FDB80468,CUST10830,2024-10-24,Excellent customer service support.,4,No,Yes
FDB80469,CUST11025,2025-01-05,Excellent customer service support.,5,No,No
FDB80470,CUST10451,2024-11-14,I'm not happy with the premium charged.,2,No,No
FDB80471,CUST11376,2024-04-16,Excellent customer service support.,5,No,No
FDB80472,CUST11177,2024-10-25,Frustrated with repeated documentation requests.,2,Yes,No
FDB80476,CUST10044,2026-05-31,Smooth experience with no issues.,4,No,Yes
FDB80477,CUST10344,2025-11-06,Had to wait too long for claim approval.,2,No,Yes
FDB80479,CUST11349,2025-12-11,The agent was helpful and explained everything.,5,Yes,No
FDB80480,CUST10037,2024-01-13,Need more clarity on policy coverage.,2,Yes,Yes
FDB80481,CUST11481,2025-02-21,Smooth experience with no issues.,5,No,No
FDB80482,CUST11257,2025-06-27,Very satisfied with the claim process.,5,No,No
FDB80483,CUST10074,2025-12-03,Frustrated with repeated documentation requests.,2,Yes,Yes
FDB80486,CUST11647,2026-08-18,Claim process could be faster.,2,Yes,No
FDB80487,CUST11396,2026-01-27,Very satisfied with the claim process.,5,Yes,No
FDB80488,CUST10290,2024-10-02,Frustrated with repeated documentation requests.,2,Yes,Yes
FDB80489,CUST10928,2024-06-09,Excellent customer service support.,5,Yes,No
FDB80490,CUST11144,2024-01-04,I'm not happy with the premium charged.,2,Yes,Yes
FDB80491,CUST10129,2025-01-16,I'm not happy with the premium charged.,2,Yes,Yes
FDB80492,CUST10386,2023-09-11,Need more clarity on policy coverage.,2,Yes,Yes
FDB80493,CUST10975,2026-01-31,Excellent customer service support.,4,Yes,No
FDB80494,CUST10116,2024-11-15,Frustrated with repeated documentation requests.,2,No,No
FDB80495,CUST11030,2026-03-31,The agent was helpful and explained everything.,4,Yes,No
FDB80498,CUST10964,2026-03-08,Had to wait too long for claim approval.,1,Yes,No
FDB80500,CUST10723,2026-03-21,Very satisfied with the claim process.,5,Yes,No
FDB80505,CUST11302,2024-11-04,Excellent customer service support.,5,Yes,No
FDB80507,CUST10552,2026-07-12,Smooth experience with no issues.,4,No,No
FDB80509,CUST11026,2025-08-13,Smooth experience with no issues.,5,Yes,No
FDB80511,CUST10505,2024-02-05,Frustrated with repeated documentation requests.,2,Yes,Yes
FDB80512,CUST11643,2024-06-02,Very satisfied with the claim process.,5,No,No
FDB80513,CUST10469,2025-05-14,Frustrated with repeated documentation requests.,2,Yes,No
FDB80520,CUST11524,2026-04-10,The mobile app experience was intuitive.,4,Yes,Yes
FDB80521,CUST10547,2025-08-28,Claim process could be faster.,3,Yes,No
FDB80522,CUST11547,2024-10-15,Excellent customer service support.,4,Yes,No
FDB80523,CUST10025,2024-12-01,Excellent customer service support.,5,No,Yes
FDB80524,CUST10179,2024-02-23,The agent was helpful and explained everything.,4,No,No
FDB80525,CUST11234,2024-03-10,Excellent customer service support.,5,Yes,Yes
FDB80526,CUST10113,2026-06-26,The agent was helpful and explained everything.,5,No,No
FDB80533,CUST10564,2024-02-28,Had to wait too long for claim approval.,2,No,Yes
FDB80534,CUST10254,2025-03-02,Smooth experience with no issues.,5,No,No
FDB80535,CUST11372,2024-08-04,The mobile app experience was intuitive.,4,Yes,No
FDB80538,CUST10385,2024-06-20,The mobile app experience was intuitive.,4,No,No
FDB80539,CUST11122,2024-08-20,The agent was helpful and explained everything.,4,No,No
FDB80540,CUST10781,2026-01-09,Frustrated with repeated documentation requests.,2,No,No
FDB80541,CUST11064,2024-09-01,Excellent customer service support.,4,Yes,No
FDB80545,CUST10210,2026-06-01,Had to wait too long for claim approval.,1,No,No
FDB80547,CUST10313,2024-10-21,Claim process could be faster.,2,Yes,No
FDB80548,CUST10746,2025-06-20,The mobile app experience was intuitive.,4,Yes,Yes
FDB80549,CUST10712,2025-04-01,The mobile app experience was intuitive.,4,No,Yes
FDB80552,CUST11366,2026-05-14,Frustrated with repeated documentation requests.,2,Yes,No
FDB80554,CUST10660,2026-08-22,Need more clarity on policy coverage.,2,Yes,No
FDB80555,CUST10082,2024-01-05,The mobile app experience was intuitive.,4,Yes,No
FDB80558,CUST11152,2026-03-30,The agent was helpful and explained everything.,5,Yes,Yes
FDB80559,CUST10329,2025-04-14,Frustrated with repeated documentation requests.,2,No,No
FDB80563,CUST11157,2024-08-10,I'm not happy with the premium charged.,2,Yes,No
FDB80565,CUST11140,2026-05-20,Smooth experience with no issues.,5,No,No
FDB80567,CUST11023,2025-08-23,The mobile app experience was intuitive.,4,Yes,Yes
FDB80568,CUST11416,2024-10-08,Had to wait too long for claim approval.,2,No,No
FDB80569,CUST11502,2025-07-07,Very satisfied with the claim process.,5,Yes,No
FDB80570,CUST10658,2025-10-28,Smooth experience with no issues.,4,No,No
FDB80572,CUST11015,2025-12-02,Had to wait too long for claim approval.,1,No,Yes
FDB80577,CUST11144,2026-07-02,I'm not happy with the premium charged.,2,Yes,Yes
FDB80578,CUST10274,2024-05-08,Frustrated with repeated documentation requests.,2,No,No
FDB80579,CUST10509,2023-12-03,Had to wait too long for claim approval.,1,No,Yes
FDB80580,CUST11196,2023-12-16,Smooth experience with no issues.,5,Yes,No
FDB80581,CUST10523,2024-11-19,Frustrated with repeated documentation requests.,2,No,No
FDB80583,CUST10673,2023-12-28,Claim process could be faster.,2,No,No
FDB80585,CUST11335,2024-03-24,The agent was helpful and explained everything.,4,Yes,No
FDB80586,CUST10037,2025-08-26,I'm not happy with the premium charged.,2,No,Yes
FDB80587,CUST10874,2024-08-29,Need more clarity on policy coverage.,2,Yes,No
FDB80588,CUST11423,2026-08-06,Frustrated with repeated documentation requests.,2,No,No
FDB80590,CUST11151,2025-03-26,Frustrated with repeated documentation requests.,2,Yes,No
FDB80592,CUST10331,2026-04-29,Excellent customer service support.,5,Yes,No
FDB80596,CUST11389,2025-08-28,Very satisfied with the claim process.,4,No,Yes
FDB80597,CUST10443,2025-05-30,The agent was helpful and explained everything.,4,No,Yes
FDB80598,CUST11632,2026-06-24,Excellent customer service support.,4,Yes,No
FDB80599,CUST11098,2023-10-11,The agent was helpful and explained everything.,4,Yes,No
FDB80600,CUST10228,2026-05-23,Need more clarity on policy coverage.,2,No,No
FDB80602,CUST10249,2023-10-26,The agent was helpful and explained everything.,4,Yes,Yes
FDB80603,CUST10825,2024-04-07,Had to wait too long for claim approval.,1,No,Yes
FDB80605,CUST10694,2024-02-07,Had to wait too long for claim approval.,1,Yes,Yes
FDB80606,CUST10965,2023-10-11,Frustrated with repeated documentation requests.,2,Yes,Yes
FDB80607,CUST11602,2026-01-22,Frustrated with repeated documentation requests.,2,No,No
FDB80612,CUST10441,2024-09-14,Had to wait too long for claim approval.,2,No,No
FDB80617,CUST10125,2024-04-26,I'm not happy with the premium charged.,2,Yes,No
FDB80618,CUST11388,2025-07-15,The agent was helpful and explained everything.,4,No,Yes
FDB80619,CUST11291,2025-04-24,Smooth experience with no issues.,4,No,Yes
FDB80620,CUST11543,2024-01-11,The mobile app experience was intuitive.,4,No,Yes
FDB80622,CUST10387,2025-12-24,Claim process could be faster.,2,No,Yes
FDB80624,CUST10328,2024-09-07,The mobile app experience was intuitive.,4,Yes,Yes
FDB80625,CUST10242,2026-05-09,The mobile app experience was intuitive.,4,No,No
FDB80627,CUST10253,2026-02-04,Claim process could be faster.,2,No,No
FDB80630,CUST10110,2025-08-30,Claim process could be faster.,3,Yes,Yes
FDB80632,CUST11585,2024-09-13,Smooth experience with no issues.,5,No,Yes
FDB80634,CUST11258,2023-11-12,Claim process could be faster.,2,Yes,No
FDB80635,CUST11278,2024-10-08,Frustrated with repeated documentation requests.,2,Yes,No
FDB80637,CUST11114,2026-07-27,I'm not happy with the premium charged.,2,No,Yes
FDB80642,CUST11160,2025-04-29,Need more clarity on policy coverage.,2,Yes,No
FDB80643,CUST10999,2024-07-24,Very satisfied with the claim process.,5,No,No
FDB80645,CUST10517,2024-08-05,Smooth experience with no issues.,5,No,Yes
FDB80647,CUST11134,2026-08-17,Frustrated with repeated documentation requests.,2,No,Yes
FDB80648,CUST11503,2023-12-03,I'm not happy with the premium charged.,2,No,Yes
FDB80649,CUST10374,2026-04-11,I'm not happy with the premium charged.,2,No,No
FDB80650,CUST11504,2025-03-10,The mobile app experience was intuitive.,4,No,No
FDB80651,CUST11289,2024-11-12,Excellent customer service support.,4,Yes,No
FDB80653,CUST11204,2026-09-02,Frustrated with repeated documentation requests.,2,Yes,Yes
FDB80654,CUST10125,2024-04-04,Excellent customer service support.,5,No,Yes
FDB80655,CUST11178,2026-03-12,The mobile app experience was intuitive.,4,Yes,No
FDB80656,CUST11013,2024-05-04,Very satisfied with the claim process.,4,No,No
FDB80659,CUST10985,2024-09-25,Claim process could be faster.,2,No,Yes
FDB80661,CUST10361,2024-02-17,I'm not happy with the premium charged.,2,No,Yes
FDB80662,CUST10171,2026-04-03,I'm not happy with the premium charged.,2,No,No
FDB80663,CUST10978,2025-04-01,I'm not happy with the premium charged.,2,No,No
FDB80664,CUST10853,2026-01-28,The mobile app experience was intuitive.,4,Yes,Yes
FDB80665,CUST10486,2024-10-05,Claim process could be faster.,2,No,No
FDB80667,CUST11194,2026-07-08,Frustrated with repeated documentation requests.,2,No,No
FDB80670,CUST10161,2023-12-22,Very satisfied with the claim process.,5,No,No
FDB80672,CUST10970,2025-07-30,Frustrated with repeated documentation requests.,2,Yes,No
FDB80673,CUST10048,2025-07-12,Had to wait too long for claim approval.,1,Yes,No
FDB80674,CUST11218,2026-03-16,Smooth experience with no issues.,5,No,Yes
FDB80675,CUST10974,2025-12-05,Smooth experience with no issues.,5,Yes,No
FDB80678,CUST11099,2025-07-03,I'm not happy with the premium charged.,2,Yes,Yes
FDB80680,CUST10566,2024-07-05,Frustrated with repeated documentation requests.,2,No,No
FDB80681,CUST10801,2026-07-21,Excellent customer service support.,4,No,Yes
FDB80682,CUST10550,2026-07-09,Frustrated with repeated documentation requests.,2,No,No
FDB80684,CUST11300,2026-05-18,Very satisfied with the claim process.,5,No,No
FDB80686,CUST11284,2026-05-10,I'm not happy with the premium charged.,2,No,Yes
FDB80689,CUST10112,2026-06-28,I'm not happy with the premium charged.,2,Yes,No
FDB80690,CUST10505,2023-09-04,I'm not happy with the premium charged.,2,Yes,No
FDB80692,CUST11558,2025-05-05,Had to wait too long for claim approval.,2,No,No
FDB80693,CUST10984,2024-08-10,Excellent customer service support.,5,Yes,Yes
FDB80699,CUST11505,2024-02-08,Smooth experience with no issues.,5,Yes,No
FDB80701,CUST10986,2025-12-19,Very satisfied with the claim process.,5,Yes,No
FDB80702,CUST10552,2026-02-04,The agent was helpful and explained everything.,4,No,Yes
FDB80703,CUST10146,2026-07-12,Had to wait too long for claim approval.,2,No,No
FDB80704,CUST10803,2024-05-26,Had to wait too long for claim approval.,1,Yes,No
FDB80706,CUST10705,2025-08-12,The agent was helpful and explained everything.,5,No,Yes
FDB80707,CUST11440,2024-11-05,I'm not happy with the premium charged.,2,No,No
FDB80709,CUST11501,2026-03-06,Claim process could be faster.,2,Yes,No
FDB80712,CUST11481,2024-07-02,Claim process could be faster.,3,No,Yes
FDB80713,CUST11169,2026-05-09,Need more clarity on policy coverage.,2,Yes,No
FDB80714,CUST11496,2024-01-17,Need more clarity on policy coverage.,2,No,Yes
FDB80716,CUST10490,2026-07-04,The agent was helpful and explained everything.,4,Yes,Yes
FDB80717,CUST10469,2024-02-17,I'm not happy with the premium charged.,2,Yes,Yes
FDB80719,CUST10280,2025-09-09,Claim process could be faster.,3,No,Yes
FDB80720,CUST10841,2025-12-15,The mobile app experience was intuitive.,4,Yes,No
FDB80721,CUST11529,2023-09-15,Need more clarity on policy coverage.,2,No,No
FDB80722,CUST11106,2024-01-10,Very satisfied with the claim process.,5,Yes,No
FDB80725,CUST10865,2025-07-23,Had to wait too long for claim approval.,1,Yes,Yes
FDB80726,CUST11448,2025-02-01,Had to wait too long for claim approval.,1,No,No
FDB80727,CUST11057,2025-08-27,The mobile app experience was intuitive.,4,No,No
FDB80728,CUST11346,2024-07-27,Very satisfied with the claim process.,4,Yes,No
FDB80729,CUST11597,2024-01-18,Had to wait too long for claim approval.,1,No,No
FDB80732,CUST10134,2023-11-20,Excellent customer service support.,5,No,Yes
FDB80733,CUST11539,2026-08-11,The agent was helpful and explained everything.,5,No,Yes
FDB80734,CUST10152,2026-05-28,Excellent customer service support.,5,No,Yes
FDB80735,CUST10238,2024-09-12,I'm not happy with the premium charged.,2,Yes,No
FDB80737,CUST11354,2026-08-21,Claim process could be faster.,2,Yes,No
FDB80740,CUST11127,2024-01-05,The mobile app experience was intuitive.,4,Yes,No
FDB80742,CUST11361,2025-06-06,The mobile app experience was intuitive.,4,No,No
FDB80745,CUST10855,2026-01-21,Excellent customer service support.,4,Yes,No
FDB80746,CUST10491,2025-12-13,Very satisfied with the claim process.,5,Yes,No
FDB80747,CUST11565,2024-05-07,Claim process could be faster.,2,No,No
FDB80750,CUST11476,2025-06-26,Had to wait too long for claim approval.,1,Yes,Yes
FDB80752,CUST11411,2024-10-05,Frustrated with repeated documentation requests.,2,No,No
FDB80753,CUST10166,2026-04-13,Excellent customer service support.,5,No,No
FDB80756,CUST10463,2026-07-25,Had to wait too long for claim approval.,1,No,No
FDB80757,CUST10869,2024-12-09,Need more clarity on policy coverage.,2,Yes,No
FDB80758,CUST10398,2025-08-03,Need more clarity on policy coverage.,2,Yes,No
FDB80759,CUST10222,2026-04-09,Claim process could be faster.,2,No,Yes
FDB80760,CUST11196,2024-07-07,Claim process could be faster.,2,Yes,Yes
FDB80762,CUST10469,2024-07-02,Had to wait too long for claim approval.,2,No,No
FDB80763,CUST10000,2024-06-05,Very satisfied with the claim process.,5,No,Yes
FDB80764,CUST11618,2025-03-13,Smooth experience with no issues.,5,Yes,No
FDB80766,CUST10326,2026-03-08,I'm not happy with the premium charged.,2,No,No
FDB80767,CUST10470,2026-08-16,The agent was helpful and explained everything.,4,No,No
FDB80769,CUST10264,2023-12-23,Had to wait too long for claim approval.,1,Yes,No
FDB80770,CUST10254,2026-02-03,The mobile app experience was intuitive.,4,Yes,No
FDB80771,CUST10415,2024-05-27,Had to wait too long for claim approval.,2,No,No
FDB80773,CUST11593,2025-06-12,The mobile app experience was intuitive.,4,No,No
FDB80776,CUST11306,2026-01-06,Frustrated with repeated documentation requests.,2,No,No
FDB80777,CUST10449,2025-10-19,The mobile app experience was intuitive.,4,Yes,No
FDB80780,CUST11010,2024-10-19,The agent was helpful and explained everything.,4,No,No
FDB80781,CUST10429,2025-03-25,Claim process could be faster.,3,Yes,Yes
FDB80782,CUST10742,2026-06-14,Frustrated with repeated documentation requests.,2,No,No
FDB80784,CUST10200,2025-06-24,Very satisfied with the claim process.,5,Yes,No
FDB80785,CUST10039,2025-06-12,Claim process could be faster.,2,No,No
FDB80786,CUST10043,2026-01-20,Smooth experience with no issues.,5,Yes,No
FDB80787,CUST11123,2026-07-15,Need more clarity on policy coverage.,2,Yes,No
FDB80788,CUST10869,2025-05-26,Excellent customer service support.,4,Yes,No
FDB80789,CUST11582,2024-01-10,I'm not happy with the premium charged.,2,No,No
FDB80791,CUST10278,2024-10-03,I'm not happy with the premium charged.,2,No,No
FDB80792,CUST10384,2025-09-10,Smooth experience with no issues.,4,No,No
FDB80793,CUST10935,2026-05-21,Need more clarity on policy coverage.,2,Yes,No
FDB80794,CUST10922,2024-12-09,I'm not happy with the premium charged.,2,No,No
FDB80796,CUST10053,2025-11-27,Need more clarity on policy coverage.,2,No,No
FDB80797,CUST10608,2024-09-18,Need more clarity on policy coverage.,2,Yes,No
FDB80798,CUST10636,2026-01-14,The mobile app experience was intuitive.,4,Yes,No
FDB80799,CUST10544,2026-03-26,Excellent customer service support.,4,No,No
FDB80800,CUST10868,2025-05-24,Need more clarity on policy coverage.,2,No,Yes
FDB80802,CUST10160,2026-06-30,Had to wait too long for claim approval.,2,Yes,No
FDB80803,CUST11328,2026-02-11,Had to wait too long for claim approval.,1,No,Yes
FDB80804,CUST10962,2025-07-23,I'm not happy with the premium charged.,2,Yes,No
FDB80809,CUST10200,2023-09-30,I'm not happy with the premium charged.,2,Yes,No
FDB80810,CUST10621,2026-07-06,Need more clarity on policy coverage.,2,No,No
FDB80814,CUST10982,2025-11-11,Smooth experience with no issues.,5,No,No
FDB80816,CUST10838,2024-06-07,Very satisfied with the claim process.,5,No,No
FDB80817,CUST10459,2026-02-16,Need more clarity on policy coverage.,2,No,Yes
FDB80818,CUST10066,2024-09-15,Had to wait too long for claim approval.,1,No,No
FDB80819,CUST10804,2026-08-06,Need more clarity on policy coverage.,2,No,No
FDB80822,CUST10499,2023-10-26,Frustrated with repeated documentation requests.,2,Yes,Yes
FDB80824,CUST10985,2026-08-25,The agent was helpful and explained everything.,4,Yes,Yes
FDB80825,CUST10709,2024-06-18,Claim process could be faster.,3,Yes,No
FDB80826,CUST11177,2026-01-20,Had to wait too long for claim approval.,1,No,No
FDB80827,CUST10130,2024-04-20,Claim process could be faster.,2,Yes,Yes
FDB80828,CUST11017,2025-12-26,Claim process could be faster.,2,No,No
FDB80829,CUST10765,2025-04-25,Need more clarity on policy coverage.,2,No,No
FDB80830,CUST11089,2024-08-21,Frustrated with repeated documentation requests.,2,No,No
FDB80831,CUST10723,2024-11-16,The mobile app experience was intuitive.,4,Yes,No
FDB80833,CUST11091,2026-02-13,Very satisfied with the claim process.,5,No,Yes
FDB80834,CUST11009,2026-03-17,Frustrated with repeated documentation requests.,2,Yes,No
FDB80835,CUST11084,2026-03-30,I'm not happy with the premium charged.,2,No,No
FDB80837,CUST11247,2025-07-10,The agent was helpful and explained everything.,4,Yes,No
FDB80840,CUST11553,2024-05-10,Excellent customer service support.,5,No,Yes
FDB80841,CUST10037,2026-02-28,I'm not happy with the premium charged.,2,Yes,No
FDB80842,CUST11504,2023-12-24,The agent was helpful and explained everything.,4,No,Yes
FDB80845,CUST10328,2024-08-11,Need more clarity on policy coverage.,2,No,No
FDB80846,CUST10604,2025-03-01,Very satisfied with the claim process.,4,Yes,No
FDB80847,CUST11414,2024-03-26,Very satisfied with the claim process.,5,No,No
FDB80848,CUST10593,2024-10-27,Smooth experience with no issues.,5,No,No
FDB80849,CUST10548,2024-06-20,Need more clarity on policy coverage.,2,No,No
FDB80851,CUST10700,2024-09-22,Frustrated with repeated documentation requests.,2,No,No
FDB80855,CUST11353,2026-07-21,I'm not happy with the premium charged.,2,Yes,Yes
FDB80856,CUST10161,2024-08-22,Smooth experience with no issues.,5,No,Yes
FDB80858,CUST10802,2025-06-02,Very satisfied with the claim process.,5,Yes,No
FDB80863,CUST11003,2025-04-15,Had to wait too long for claim approval.,1,Yes,Yes
FDB80864,CUST10980,2024-11-13,Had to wait too long for claim approval.,1,Yes,Yes
FDB80866,CUST11371,2024-04-08,The agent was helpful and explained everything.,4,Yes,No
FDB80867,CUST11506,2023-12-12,Had to wait too long for claim approval.,2,No,Yes
FDB80869,CUST11630,2026-04-22,Smooth experience with no issues.,5,No,No
FDB80870,CUST10132,2024-11-20,Had to wait too long for claim approval.,2,No,No
FDB80871,CUST10134,2024-06-18,Frustrated with repeated documentation requests.,2,Yes,Yes
FDB80872,CUST10366,2025-10-27,The mobile app experience was intuitive.,4,No,No
FDB80876,CUST10091,2023-12-26,Excellent customer service support.,5,No,No
FDB80878,CUST11316,2026-02-12,Frustrated with repeated documentation requests.,2,Yes,No
FDB80879,CUST10222,2026-05-03,Smooth experience with no issues.,5,No,No
FDB80881,CUST10241,2025-05-20,Very satisfied with the claim process.,4,No,No
FDB80882,CUST10123,2023-12-03,Frustrated with repeated documentation requests.,2,No,No
FDB80883,CUST10605,2026-09-03,Very satisfied with the claim process.,5,No,No
FDB80885,CUST11028,2023-10-18,Very satisfied with the claim process.,5,No,No
FDB80886,CUST11228,2025-04-26,The agent was helpful and explained everything.,5,Yes,No
FDB80887,CUST10665,2025-09-04,Had to wait too long for claim approval.,1,No,Yes
FDB80888,CUST10428,2024-06-30,The agent was helpful and explained everything.,4,No,Yes
FDB80890,CUST10306,2026-03-05,Had to wait too long for claim approval.,2,Yes,No
FDB80891,CUST11083,2026-08-16,Claim process could be faster.,3,Yes,Yes
FDB80893,CUST10086,2024-05-08,Smooth experience with no issues.,4,Yes,No
FDB80894,CUST11377,2025-08-14,Smooth experience with no issues.,4,No,No
FDB80895,CUST10453,2024-04-27,Claim process could be faster.,2,Yes,Yes
FDB80896,CUST11466,2023-09-17,Claim process could be faster.,2,No,Yes
FDB80897,CUST10362,2024-05-28,Smooth experience with no issues.,4,No,Yes
FDB80899,CUST11463,2025-07-05,Excellent customer service support.,4,No,No
FDB80900,CUST10311,2026-03-10,Frustrated with repeated documentation requests.,2,Yes,Yes
FDB80901,CUST10528,2024-12-01,Very satisfied with the claim process.,5,Yes,Yes
FDB80902,CUST10450,2025-04-30,I'm not happy with the premium charged.,2,Yes,Yes
FDB80903,CUST11573,2025-05-18,Need more clarity on policy coverage.,2,Yes,No
FDB80905,CUST11561,2026-03-21,The mobile app experience was intuitive.,4,Yes,No
FDB80906,CUST10787,2025-06-01,The agent was helpful and explained everything.,4,No,Yes
FDB80907,CUST10958,2025-07-22,Need more clarity on policy coverage.,2,Yes,No
FDB80910,CUST10707,2025-11-30,Had to wait too long for claim approval.,1,Yes,No
FDB80912,CUST10878,2026-08-15,Had to wait too long for claim approval.,2,No,No
FDB80914,CUST10827,2024-06-18,Smooth experience with no issues.,5,Yes,No
FDB80915,CUST10687,2024-10-13,Need more clarity on policy coverage.,2,No,No
FDB80916,CUST10965,2026-05-17,Claim process could be faster.,2,No,Yes
FDB80918,CUST10574,2024-08-19,Frustrated with repeated documentation requests.,2,Yes,Yes
FDB80919,CUST11381,2024-09-29,The mobile app experience was intuitive.,4,No,No
FDB80921,CUST10213,2024-01-29,The mobile app experience was intuitive.,4,Yes,Yes
FDB80922,CUST11634,2026-04-03,Very satisfied with the claim process.,5,Yes,Yes
FDB80923,CUST10965,2026-08-19,The agent was helpful and explained everything.,4,Yes,No
FDB80924,CUST10815,2024-05-31,Very satisfied with the claim process.,5,Yes,No
FDB80927,CUST11213,2026-08-14,Frustrated with repeated documentation requests.,2,Yes,No
FDB80928,CUST11021,2026-01-10,Very satisfied with the claim process.,5,Yes,Yes
FDB80929,CUST11188,2025-03-13,Very satisfied with the claim process.,5,Yes,No
FDB80933,CUST10869,2025-06-27,Very satisfied with the claim process.,5,No,No
FDB80934,CUST10274,2025-11-01,Very satisfied with the claim process.,5,Yes,No
FDB80935,CUST11108,2025-10-29,The mobile app experience was intuitive.,4,Yes,Yes
FDB80936,CUST11298,2025-08-10,Excellent customer service support.,4,Yes,No
FDB80939,CUST10451,2025-01-25,Had to wait too long for claim approval.,2,Yes,Yes
FDB80940,CUST10593,2025-05-25,Frustrated with repeated documentation requests.,2,No,No
FDB80941,CUST10269,2023-11-01,Need more clarity on policy coverage.,2,Yes,No
FDB80943,CUST10010,2025-03-01,Need more clarity on policy coverage.,2,No,No
FDB80944,CUST10857,2024-12-25,Had to wait too long for claim approval.,2,Yes,Yes
FDB80945,CUST11063,2026-07-14,Frustrated with repeated documentation requests.,2,No,Yes
FDB80946,CUST11169,2024-03-09,I'm not happy with the premium charged.,2,Yes,No
FDB80948,CUST11017,2025-05-08,Frustrated with repeated documentation requests.,2,No,No
FDB80952,CUST10342,2024-02-13,Smooth experience with no issues.,4,Yes,No
FDB80955,CUST11356,2025-10-30,Had to wait too long for claim approval.,2,Yes,Yes
FDB80960,CUST10981,2025-02-22,I'm not happy with the premium charged.,2,Yes,No
FDB80961,CUST10468,2025-10-14,Had to wait too long for claim approval.,1,Yes,No
FDB80962,CUST11482,2026-07-03,Frustrated with repeated documentation requests.,2,No,No
FDB80966,CUST10898,2025-04-16,I'm not happy with the premium charged.,2,Yes,No
FDB80967,CUST11070,2025-09-12,Need more clarity on policy coverage.,2,No,No
FDB80969,CUST10402,2025-05-20,The mobile app experience was intuitive.,4,No,Yes
FDB80970,CUST11356,2026-04-21,Smooth experience with no issues.,4,No,Yes
FDB80971,CUST10366,2026-07-07,The mobile app experience was intuitive.,4,No,Yes
FDB80972,CUST10060,2024-02-09,The agent was helpful and explained everything.,4,Yes,Yes
FDB80973,CUST10308,2025-04-17,The mobile app experience was intuitive.,4,No,No
FDB80974,CUST11069,2025-09-19,Need more clarity on policy coverage.,2,No,Yes
FDB80975,CUST11045,2024-08-13,Smooth experience with no issues.,5,No,No
FDB80977,CUST10054,2025-07-03,Need more clarity on policy coverage.,2,No,No
FDB80978,CUST10046,2025-10-23,The mobile app experience was intuitive.,4,No,No
FDB80979,CUST10026,2024-09-30,Excellent customer service support.,5,Yes,No
FDB80980,CUST11434,2024-01-13,The agent was helpful and explained everything.,4,Yes,Yes
FDB80982,CUST11080,2025-07-07,Excellent customer service support.,5,No,Yes
FDB80983,CUST11195,2025-04-06,Frustrated with repeated documentation requests.,2,No,Yes
FDB80987,CUST11087,2025-06-24,Need more clarity on policy coverage.,2,Yes,No
FDB80988,CUST10002,2025-12-13,Excellent customer service support.,5,Yes,No
FDB80991,CUST11282,2025-08-15,The mobile app experience was intuitive.,4,Yes,No
FDB80992,CUST10924,2025-02-27,Very satisfied with the claim process.,4,No,Yes
FDB80993,CUST11634,2024-01-12,I'm not happy with the premium charged.,2,Yes,No
FDB80994,CUST10462,2023-12-10,Smooth experience with no issues.,4,Yes,No
FDB80995,CUST10139,2026-07-06,Excellent customer service support.,5,No,Yes
FDB80997,CUST11001,2026-07-10,Very satisfied with the claim process.,5,No,Yes
FDB80999,CUST11568,2024-11-23,Smooth experience with no issues.,4,No,No
